mapping_id,source_benchmark,target_benchmark,source_scenario_id,source_scenario,source_leaderboard_id,target_scenario_id,target_scenario,target_leaderboard_id,overlapping_players,correlation,source_cutoff,source_percentile,global_percentile_target_score,paired_window_target_score,paired_monotonic_target_score,linear_regression_target_score,trimmed_regression_target_score,log_regression_target_score,confidence
viscose-easier-s1-to-s2,Viscose Easier,Viscose Benchmark S2 Easier,whisphererawcontrol-larger-slowed,WhisphereRawControl Larger + Slowed,128696,smoothsphere-viscose-easier,Smoothsphere Viscose Easier,185342,4823,0.8303474746028098,5500,12.97602465696589,9873,9061.5,9708,8579.509644102449,8527.99499375432,8340.64307088888,high
viscose-easier-s1-to-s2,Viscose Easier,Viscose Benchmark S2 Easier,whisphererawcontrol-larger-slowed,WhisphereRawControl Larger + Slowed,128696,smoothsphere-viscose-easier,Smoothsphere Viscose Easier,185342,4823,0.8303474746028098,6700,22.49948137391459,10962,9727.5,9735.64705882353,9456.488692626557,9426.161946253658,9386.26826318782,high
viscose-easier-s1-to-s2,Viscose Easier,Viscose Benchmark S2 Easier,whisphererawcontrol-larger-slowed,WhisphereRawControl Larger + Slowed,128696,smoothsphere-viscose-easier,Smoothsphere Viscose Easier,185342,4823,0.8303474746028098,7800,32.9297928459236,11829,10482,10495.941176470587,10260.386153773656,10249.481652711387,10280.204417300572,high
viscose-easier-s1-to-s2,Viscose Easier,Viscose Benchmark S2 Easier,whisphererawcontrol-larger-slowed,WhisphereRawControl Larger + Slowed,128696,smoothsphere-viscose-easier,Smoothsphere Viscose Easier,185342,4823,0.8303474746028098,8700,42.38805085499215,12429,11112,11053.108695652174,10918.120440166738,10923.106867085891,10974.442957168354,high
viscose-easier-s1-to-s2,Viscose Easier,Viscose Benchmark S2 Easier,whisphererawcontrol-larger-slowed,WhisphereRawControl Larger + Slowed,128696,smoothsphere-viscose-easier,Smoothsphere Viscose Easier,185342,4823,0.8303474746028098,9600,52.818362327001154,13038,11506.5,11526.483870967742,11575.854726559817,11596.732081460397,11640.373491517235,high
viscose-easier-s1-to-s2,Viscose Easier,Viscose Benchmark S2 Easier,whisphererawcontrol-larger-slowed,WhisphereRawControl Larger + Slowed,128696,smoothsphere-viscose-easier,Smoothsphere Viscose Easier,185342,4823,0.8303474746028098,10500,63.42648845686513,13734,12166.5,12180.673652694612,12233.5890129529,12270.357295834901,12281.657533249954,high
viscose-easier-s1-to-s2,Viscose Easier,Viscose Benchmark S2 Easier,whisphererawcontrol-larger-slowed,WhisphereRawControl Larger + Slowed,128696,smoothsphere-viscose-easier,Smoothsphere Viscose Easier,185342,4823,0.8303474746028098,11400,74.52953205109208,14289,12730.5,12711.132743362832,12891.32329934598,12943.982510209406,12901.212944171042,high
viscose-easier-s1-to-s2,Viscose Easier,Viscose Benchmark S2 Easier,whisphererawcontrol-larger-slowed,WhisphereRawControl Larger + Slowed,128696,smoothsphere-viscose-easier,Smoothsphere Viscose Easier,185342,4823,0.8303474746028098,12500,84.61458672909937,14682,14142,14101.942105263159,13695.220760493079,13767.302216667134,13632.363926900991,high
viscose-easier-s1-to-s2,Viscose Easier,Viscose Benchmark S2 Easier,whisphere-80,Whisphere 80%,55382,vt-controlsphere-viscose-easier,VT Controlsphere Viscose Easier,184157,4116,0.8639784924223989,6300,7.391859828435845,2280,2332.5,2583,2043.1493206454425,2023.1468154582242,1985.3221774834378,high
viscose-easier-s1-to-s2,Viscose Easier,Viscose Benchmark S2 Easier,whisphere-80,Whisphere 80%,55382,vt-controlsphere-viscose-easier,VT Controlsphere Viscose Easier,184157,4116,0.8639784924223989,7700,15.717588367707002,2744,2428,2583,2364.316176155474,2350.6234244513757,2336.4909265097713,high
viscose-easier-s1-to-s2,Viscose Easier,Viscose Benchmark S2 Easier,whisphere-80,Whisphere 80%,55382,vt-controlsphere-viscose-easier,VT Controlsphere Viscose Easier,184157,4116,0.8639784924223989,9000,26.008395692644644,3132,2635,2675.6838709677418,2662.5425419862177,2654.7088470878734,2651.8748164264152,high
viscose-easier-s1-to-s2,Viscose Easier,Viscose Benchmark S2 Easier,whisphere-80,Whisphere 80%,55382,vt-controlsphere-viscose-easier,VT Controlsphere Viscose Easier,184157,4116,0.8639784924223989,10000,35.23909472531484,3397,2894.5,2886.3290322580647,2891.9474387790974,2888.6207106544102,2888.622968350653,high
viscose-easier-s1-to-s2,Viscose Easier,Viscose Benchmark S2 Easier,whisphere-80,Whisphere 80%,55382,vt-controlsphere-viscose-easier,VT Controlsphere Viscose Easier,184157,4116,0.8639784924223989,11000,45.11620125327006,3642,3092.5,3078.5877192982457,3121.352335571977,3122.532574220947,3120.9450622639633,high
viscose-easier-s1-to-s2,Viscose Easier,Viscose Benchmark S2 Easier,whisphere-80,Whisphere 80%,55382,vt-controlsphere-viscose-easier,VT Controlsphere Viscose Easier,184157,4116,0.8639784924223989,12000,55.83591896331447,3892,3347.5,3306.4508196721313,3350.757232364857,3356.4444377874843,3349.3165600336656,high
viscose-easier-s1-to-s2,Viscose Easier,Viscose Benchmark S2 Easier,whisphere-80,Whisphere 80%,55382,vt-controlsphere-viscose-easier,VT Controlsphere Viscose Easier,184157,4116,0.8639784924223989,13000,66.67427146072885,4170,3569,3569.648936170213,3580.1621291577367,3590.356301354021,3574.1265761865516,high
viscose-easier-s1-to-s2,Viscose Easier,Viscose Benchmark S2 Easier,whisphere-80,Whisphere 80%,55382,vt-controlsphere-viscose-easier,VT Controlsphere Viscose Easier,184157,4116,0.8639784924223989,14500,79.29214576869258,4401,4107,4084.8636363636365,3924.2694743470565,3941.224096703826,3905.358213713173,high
viscose-easier-s1-to-s2,Viscose Easier,Viscose Benchmark S2 Easier,smoothbot-invincible-goated-75,SmoothBot Invincible Goated 75%,75962,smoothbot-perfected-easier,SmoothBot Perfected Easier,184652,3962,0.8539149198927876,1800,8.546598245323622,3288.32,3276.58,3648.34,2973.172164247674,2955.562780618035,2952.6534802328965,high
viscose-easier-s1-to-s2,Viscose Easier,Viscose Benchmark S2 Easier,smoothbot-invincible-goated-75,SmoothBot Invincible Goated 75%,75962,smoothbot-perfected-easier,SmoothBot Perfected Easier,184652,3962,0.8539149198927876,2250,21.50306240688628,3920.97,3641.82,3648.34,3437.637087554337,3428.4705167146494,3456.7075262163635,high
viscose-easier-s1-to-s2,Viscose Easier,Viscose Benchmark S2 Easier,smoothbot-invincible-goated-75,SmoothBot Invincible Goated 75%,75962,smoothbot-perfected-easier,SmoothBot Perfected Easier,184652,3962,0.8539149198927876,2650,37.21403741102466,4404.86,3889.67,3882.0189189189186,3850.4947971602596,3848.832948800529,3880.2222199998773,high
viscose-easier-s1-to-s2,Viscose Easier,Viscose Benchmark S2 Easier,smoothbot-invincible-goated-75,SmoothBot Invincible Goated 75%,75962,smoothbot-perfected-easier,SmoothBot Perfected Easier,184652,3962,0.8539149198927876,2900,48.23704684654859,4673.53,4034.46,4091.3929166666667,4108.530865663961,4111.559468854203,4135.335964770366,high
viscose-easier-s1-to-s2,Viscose Easier,Viscose Benchmark S2 Easier,smoothbot-invincible-goated-75,SmoothBot Invincible Goated 75%,75962,smoothbot-perfected-easier,SmoothBot Perfected Easier,184652,3962,0.8539149198927876,3150,59.94868399271643,4989.14,4394.43,4343.349444444445,4366.566934167662,4374.285988907878,4384.063181270463,high
viscose-easier-s1-to-s2,Viscose Easier,Viscose Benchmark S2 Easier,smoothbot-invincible-goated-75,SmoothBot Invincible Goated 75%,75962,smoothbot-perfected-easier,SmoothBot Perfected Easier,184652,3962,0.8539149198927876,3400,70.66214202946533,5210.86,4646.14,4618.207083333334,4624.603002671364,4637.012508961552,4627.053415634899,high
viscose-easier-s1-to-s2,Viscose Easier,Viscose Benchmark S2 Easier,smoothbot-invincible-goated-75,SmoothBot Invincible Goated 75%,75962,smoothbot-perfected-easier,SmoothBot Perfected Easier,184652,3962,0.8539149198927876,3650,81.34083760966728,5367.36,4929.15,4916.284666666666,4882.639071175066,4899.739029015227,4864.847540780027,high
viscose-easier-s1-to-s2,Viscose Easier,Viscose Benchmark S2 Easier,smoothbot-invincible-goated-75,SmoothBot Invincible Goated 75%,75962,smoothbot-perfected-easier,SmoothBot Perfected Easier,184652,3962,0.8539149198927876,4000,90.19864260883959,5589.08,5343.89,5326.665925925926,5243.8895670802485,5267.556157090372,5189.886112719229,high
viscose-easier-s1-to-s2,Viscose Easier,Viscose Benchmark S2 Easier,leaptrack-goated-60-larger,Leaptrack Goated 60% Larger,128691,leapstrafes-control-wobin-easier,Leapstrafes Control wobin Easier,185344,3695,0.8148286578997663,850,0.42323970757983836,1236,2188,2416,792.7731507006113,730.5129270687321,991.440488641539,high
viscose-easier-s1-to-s2,Viscose Easier,Viscose Benchmark S2 Easier,leaptrack-goated-60-larger,Leaptrack Goated 60% Larger,128691,leapstrafes-control-wobin-easier,Leapstrafes Control wobin Easier,185344,3695,0.8148286578997663,1200,2.049283169111866,1650,2195,2416,1328.0553163245393,1280.347817427478,1453.9676665512195,high
viscose-easier-s1-to-s2,Viscose Easier,Viscose Benchmark S2 Easier,leaptrack-goated-60-larger,Leaptrack Goated 60% Larger,128691,leapstrafes-control-wobin-easier,Leapstrafes Control wobin Easier,185344,3695,0.8148286578997663,1500,6.634658815263396,2028,2227,2416,1786.868601145049,1751.6348663064032,1862.7666836789576,high
viscose-easier-s1-to-s2,Viscose Easier,Viscose Benchmark S2 Easier,leaptrack-goated-60-larger,Leaptrack Goated 60% Larger,128691,leapstrafes-control-wobin-easier,Leapstrafes Control wobin Easier,185344,3695,0.8148286578997663,1700,12.948123860347623,2364,2310,2416,2092.7441243587223,2065.826232225687,2140.495468363057,high
viscose-easier-s1-to-s2,Viscose Easier,Viscose Benchmark S2 Easier,leaptrack-goated-60-larger,Leaptrack Goated 60% Larger,128691,leapstrafes-control-wobin-easier,Leapstrafes Control wobin Easier,185344,3695,0.8148286578997663,1900,22.649179450290248,2656,2417,2458.3591160220994,2398.6196475723955,2380.01759814497,2421.8612262061692,high
viscose-easier-s1-to-s2,Viscose Easier,Viscose Benchmark S2 Easier,leaptrack-goated-60-larger,Leaptrack Goated 60% Larger,128691,leapstrafes-control-wobin-easier,Leapstrafes Control wobin Easier,185344,3695,0.8148286578997663,2100,36.57092192649347,2961,2679,2670.4285714285716,2704.4951707860687,2694.208964064254,2706.520019730682,high
viscose-easier-s1-to-s2,Viscose Easier,Viscose Benchmark S2 Easier,leaptrack-goated-60-larger,Leaptrack Goated 60% Larger,128691,leapstrafes-control-wobin-easier,Leapstrafes Control wobin Easier,185344,3695,0.8148286578997663,2250,50.25846061194105,3226,2852,2835.3333333333335,2933.9018131963235,2929.8524885037164,2922.0040262806633,high
viscose-easier-s1-to-s2,Viscose Easier,Viscose Benchmark S2 Easier,leaptrack-goated-60-larger,Leaptrack Goated 60% Larger,128691,leapstrafes-control-wobin-easier,Leapstrafes Control wobin Easier,185344,3695,0.8148286578997663,2450,68.21185405758068,3519,3261,3292.2727272727275,3239.7773364099967,3244.0438544229996,3211.7770517344247,high
viscose-easier-s1-to-s2,Viscose Easier,Viscose Benchmark S2 Easier,controlsphere-raim-easy-90,Controlsphere rAim Easy 90%,83485,controlsphere-superbaim-viscose-easier,Controlsphere SuperbAim Viscose Easier,185345,3589,0.8745579369019578,6100,13.264227503665566,7743,7185,7690.5,6473.5069471575625,6406.936960811877,6587.862467656636,high
viscose-easier-s1-to-s2,Viscose Easier,Viscose Benchmark S2 Easier,controlsphere-raim-easy-90,Controlsphere rAim Easy 90%,83485,controlsphere-superbaim-viscose-easier,Controlsphere SuperbAim Viscose Easier,185345,3589,0.8745579369019578,6950,21.06250213114195,8673,7561.5,7690.5,7268.5060028512235,7217.15348192803,7379.7506843986885,high
viscose-easier-s1-to-s2,Viscose Easier,Viscose Benchmark S2 Easier,controlsphere-raim-easy-90,Controlsphere rAim Easy 90%,83485,controlsphere-superbaim-viscose-easier,Controlsphere SuperbAim Viscose Easier,185345,3589,0.8745579369019578,7700,29.164251372455418,9363,8061,8100.610294117647,7969.975757875042,7932.050412324635,8068.0319397176845,high
viscose-easier-s1-to-s2,Viscose Easier,Viscose Benchmark S2 Easier,controlsphere-raim-easy-90,Controlsphere rAim Easy 90%,83485,controlsphere-superbaim-viscose-easier,Controlsphere SuperbAim Viscose Easier,185345,3589,0.8745579369019578,8400,37.68540934974597,10002,8592,8539.680497925312,8624.680862563939,8599.287547361466,8702.590617917169,high
viscose-easier-s1-to-s2,Viscose Easier,Viscose Benchmark S2 Easier,controlsphere-raim-easy-90,Controlsphere rAim Easy 90%,83485,controlsphere-superbaim-viscose-easier,Controlsphere SuperbAim Viscose Easier,185345,3589,0.8745579369019578,9100,47.28918743819688,10731,9058.5,9014.105882352942,9279.385967252836,9266.524682398298,9330.310393924154,high
viscose-easier-s1-to-s2,Viscose Easier,Viscose Benchmark S2 Easier,controlsphere-raim-easy-90,Controlsphere rAim Easy 90%,83485,controlsphere-superbaim-viscose-easier,Controlsphere SuperbAim Viscose Easier,185345,3589,0.8745579369019578,9800,57.564701469635494,11436,9792,9800.724832214764,9934.091071941733,9933.76181743513,9951.783912691984,high
viscose-easier-s1-to-s2,Viscose Easier,Viscose Benchmark S2 Easier,controlsphere-raim-easy-90,Controlsphere rAim Easy 90%,83485,controlsphere-superbaim-viscose-easier,Controlsphere SuperbAim Viscose Easier,185345,3589,0.8745579369019578,10500,68.6670985781021,11913,10351.5,10442.464285714286,10588.79617663063,10600.998952471962,10567.513832693374,high
viscose-easier-s1-to-s2,Viscose Easier,Viscose Benchmark S2 Easier,controlsphere-raim-easy-90,Controlsphere rAim Easy 90%,83485,controlsphere-superbaim-viscose-easier,Controlsphere SuperbAim Viscose Easier,185345,3589,0.8745579369019578,11500,80.40031370409521,12570,11635.5,11607.76923076923,11524.089183329055,11554.194859667436,11438.007479126934,high
viscose-easier-s1-to-s2,Viscose Easier,Viscose Benchmark S2 Easier,vt-controlsphere-intermediate-s5-80,VT Controlsphere Intermediate S5 80%,107281,whisphere-viscose-easier,Whisphere Viscose Easier,185346,3410,0.8544961981512447,1850,6.59010947797046,10480,11070,12090,8386.8537618809,8206.51774692157,8725.57799258211,high
viscose-easier-s1-to-s2,Viscose Easier,Viscose Benchmark S2 Easier,vt-controlsphere-intermediate-s5-80,VT Controlsphere Intermediate S5 80%,107281,whisphere-viscose-easier,Whisphere Viscose Easier,185346,3410,0.8544961981512447,2300,15.641240869394387,12680,11660,12090,10432.329853903335,10303.595920439742,10704.322275458744,high
viscose-easier-s1-to-s2,Viscose Easier,Viscose Benchmark S2 Easier,vt-controlsphere-intermediate-s5-80,VT Controlsphere Intermediate S5 80%,107281,whisphere-viscose-easier,Whisphere Viscose Easier,185346,3410,0.8544961981512447,2700,27.04980979765328,14420,12460,12623.671232876712,12250.530824589941,12167.665408011451,12443.146564441136,high
viscose-easier-s1-to-s2,Viscose Easier,Viscose Benchmark S2 Easier,vt-controlsphere-intermediate-s5-80,VT Controlsphere Intermediate S5 80%,107281,whisphere-viscose-easier,Whisphere Viscose Easier,185346,3410,0.8544961981512447,3000,37.38324433411319,15710,13590,13692.37668161435,13614.181552604898,13565.717523690233,13736.79023840403,high
viscose-easier-s1-to-s2,Viscose Easier,Viscose Benchmark S2 Easier,vt-controlsphere-intermediate-s5-80,VT Controlsphere Intermediate S5 80%,107281,whisphere-viscose-easier,Whisphere Viscose Easier,185346,3410,0.8544961981512447,3300,49.509760148590004,17310,14420,14538.663101604277,14977.832280619854,14963.769639369013,15022.521557489192,high
viscose-easier-s1-to-s2,Viscose Easier,Viscose Benchmark S2 Easier,vt-controlsphere-intermediate-s5-80,VT Controlsphere Intermediate S5 80%,107281,whisphere-viscose-easier,Whisphere Viscose Easier,185346,3410,0.8544961981512447,3600,61.970246280785105,18680,15700,15686.857142857143,16341.483008634808,16361.821755047797,16301.103968032918,high
viscose-easier-s1-to-s2,Viscose Easier,Viscose Benchmark S2 Easier,vt-controlsphere-intermediate-s5-80,VT Controlsphere Intermediate S5 80%,107281,whisphere-viscose-easier,Whisphere Viscose Easier,185346,3410,0.8544961981512447,3850,73.06806207918846,19500,17060,17059.58762886598,17477.858615313937,17526.865184780112,17361.587589153372,high
viscose-easier-s1-to-s2,Viscose Easier,Viscose Benchmark S2 Easier,vt-controlsphere-intermediate-s5-80,VT Controlsphere Intermediate S5 80%,107281,whisphere-viscose-easier,Whisphere Viscose Easier,185346,3410,0.8544961981512447,4100,81.61377315021521,20320,18970,18823.571428571428,18614.23422199307,18691.90861451243,18417.859014901005,high
viscose-easier-s1-to-s2,Viscose Easier,Viscose Benchmark S2 Easier,air-angelic-4-voltaic-easy-80-good-version,Air Angelic 4 Voltaic Easy 80% (Good Version),13681,air-angelic-4-voltaic-easy-70,Air Angelic 4 Voltaic Easy 70%,14155,4511,0.8691947391325834,1050,0.2507754240084472,2301,3584,3897.5,2544.317093669193,2536.34572192578,2300.2018291344316,high
viscose-easier-s1-to-s2,Viscose Easier,Viscose Benchmark S2 Easier,air-angelic-4-voltaic-easy-80-good-version,Air Angelic 4 Voltaic Easy 80% (Good Version),13681,air-angelic-4-voltaic-easy-70,Air Angelic 4 Voltaic Easy 70%,14155,4511,0.8691947391325834,1600,1.0387382036560417,2945,3590,3897.5,3069.120647970452,3066.9811998527216,2992.314234986353,high
viscose-easier-s1-to-s2,Viscose Easier,Viscose Benchmark S2 Easier,air-angelic-4-voltaic-easy-80-good-version,Air Angelic 4 Voltaic Easy 80% (Good Version),13681,air-angelic-4-voltaic-easy-70,Air Angelic 4 Voltaic Easy 70%,14155,4511,0.8691947391325834,2000,3.3551111991024882,3440,3624.5,3897.5,3450.795960189549,3452.8979110723158,3439.75930273349,high
viscose-easier-s1-to-s2,Viscose Easier,Viscose Benchmark S2 Easier,air-angelic-4-voltaic-easy-80-good-version,Air Angelic 4 Voltaic Easy 80% (Good Version),13681,air-angelic-4-voltaic-easy-70,Air Angelic 4 Voltaic Easy 70%,14155,4511,0.8691947391325834,2400,10.250115488682109,3932,3859,3897.5,3832.4712724086467,3838.8146222919095,3854.5811491330505,high
viscose-easier-s1-to-s2,Viscose Easier,Viscose Benchmark S2 Easier,air-angelic-4-voltaic-easy-80-good-version,Air Angelic 4 Voltaic Easy 80% (Good Version),13681,air-angelic-4-voltaic-easy-70,Air Angelic 4 Voltaic Easy 70%,14155,4511,0.8691947391325834,2700,21.384544314657163,4307,4163,4186.285714285715,4118.72775657297,4128.252155706605,4148.797472599317,high
viscose-easier-s1-to-s2,Viscose Easier,Viscose Benchmark S2 Easier,air-angelic-4-voltaic-easy-80-good-version,Air Angelic 4 Voltaic Easy 80% (Good Version),13681,air-angelic-4-voltaic-easy-70,Air Angelic 4 Voltaic Easy 70%,14155,4511,0.8691947391325834,3000,38.028113244902,4656,4410.5,4424.503703703704,4404.984240737293,4417.6896891213,4430.962233460753,high
viscose-easier-s1-to-s2,Viscose Easier,Viscose Benchmark S2 Easier,air-angelic-4-voltaic-easy-80-good-version,Air Angelic 4 Voltaic Easy 80% (Good Version),13681,air-angelic-4-voltaic-easy-70,Air Angelic 4 Voltaic Easy 70%,14155,4511,0.8691947391325834,3300,59.64759453573549,5011,4718,4728.54347826087,4691.240724901616,4707.127222535996,4702.708029306737,high
viscose-easier-s1-to-s2,Viscose Easier,Viscose Benchmark S2 Easier,air-angelic-4-voltaic-easy-80-good-version,Air Angelic 4 Voltaic Easy 80% (Good Version),13681,air-angelic-4-voltaic-easy-70,Air Angelic 4 Voltaic Easy 70%,14155,4511,0.8691947391325834,3600,78.64713258100706,5218,5048,5033.235294117647,4977.497209065939,4996.5647559506915,4965.319371051819,high
viscose-easier-s1-to-s2,Viscose Easier,Viscose Benchmark S2 Easier,cloverrawcontrol-easy-80-speed,cloverRawControl Easy 80% Speed,98867,cloverrawcontrol-viscose-easier-50cm,cloverRawControl Viscose Easier 50cm,185349,3252,0.8480242106434072,3900,13.303493066526242,7614,7254,7641,6770.561343143098,6721.656751688445,6623.209613457049,high
viscose-easier-s1-to-s2,Viscose Easier,Viscose Benchmark S2 Easier,cloverrawcontrol-easy-80-speed,cloverRawControl Easy 80% Speed,98867,cloverrawcontrol-viscose-easier-50cm,cloverRawControl Viscose Easier 50cm,185349,3252,0.8480242106434072,4550,21.876426189222396,8604,7623,7641,7508.418059943275,7470.487878501346,7437.751697444835,high
viscose-easier-s1-to-s2,Viscose Easier,Viscose Benchmark S2 Easier,cloverrawcontrol-easy-80-speed,cloverRawControl Easy 80% Speed,98867,cloverrawcontrol-viscose-easier-50cm,cloverRawControl Viscose Easier 50cm,185349,3252,0.8480242106434072,5200,31.47797086185712,9543,8157,8069.6578947368425,8246.27477674345,8219.319005314246,8223.882665398383,high
viscose-easier-s1-to-s2,Viscose Easier,Viscose Benchmark S2 Easier,cloverrawcontrol-easy-80-speed,cloverRawControl Easy 80% Speed,98867,cloverrawcontrol-viscose-easier-50cm,cloverRawControl Viscose Easier 50cm,185349,3252,0.8480242106434072,5700,39.826224328593995,10104,8556,8545.25,8813.85686658974,8795.342949016478,8812.06449598978,high
viscose-easier-s1-to-s2,Viscose Easier,Viscose Benchmark S2 Easier,cloverrawcontrol-easy-80-speed,cloverRawControl Easy 80% Speed,98867,cloverrawcontrol-viscose-easier-50cm,cloverRawControl Viscose Easier 50cm,185349,3252,0.8480242106434072,6200,48.832718974899066,10752,9270,9295.465753424658,9381.438956436028,9371.36689271871,9387.59290665582,high
viscose-easier-s1-to-s2,Viscose Easier,Viscose Benchmark S2 Easier,cloverrawcontrol-easy-80-speed,cloverRawControl Easy 80% Speed,98867,cloverrawcontrol-viscose-easier-50cm,cloverRawControl Viscose Easier 50cm,185349,3252,0.8480242106434072,6700,58.35878532560997,11259,9741,9800.20430107527,9949.021046282316,9947.390836420942,9951.731169059527,high
viscose-easier-s1-to-s2,Viscose Easier,Viscose Benchmark S2 Easier,cloverrawcontrol-easy-80-speed,cloverRawControl Easy 80% Speed,98867,cloverrawcontrol-viscose-easier-50cm,cloverRawControl Viscose Easier 50cm,185349,3252,0.8480242106434072,7200,68.75724065297526,11778,10461,10434.365853658537,10516.603136128606,10523.414780123172,10505.532007834969,high
viscose-easier-s1-to-s2,Viscose Easier,Viscose Benchmark S2 Easier,cloverrawcontrol-easy-80-speed,cloverRawControl Easy 80% Speed,98867,cloverrawcontrol-viscose-easier-50cm,cloverRawControl Viscose Easier 50cm,185349,3252,0.8480242106434072,7700,76.96857995436194,12264,11325,11271.74074074074,11084.185225974896,11099.438723825404,11049.88483753843,high
viscose-easier-s1-to-s2,Viscose Easier,Viscose Benchmark S2 Easier,controlsphere-far-far-larger-90,"Controlsphere Far, Far Larger 90%",128692,flower-easier-50cm,Flower Easier 50cm,185354,3091,0.7735084918726103,7600,22.811570592358258,2363,1954,1993.3680154142583,1990.1169183287166,1936.5824984710212,2044.5855190931006,high
viscose-easier-s1-to-s2,Viscose Easier,Viscose Benchmark S2 Easier,controlsphere-far-far-larger-90,"Controlsphere Far, Far Larger 90%",128692,flower-easier-50cm,Flower Easier 50cm,185354,3091,0.7735084918726103,8150,29.74293886984031,2551,2215,2168.753371868979,2191.0707592281283,2148.660081021861,2220.274854059877,high
viscose-easier-s1-to-s2,Viscose Easier,Viscose Benchmark S2 Easier,controlsphere-far-far-larger-90,"Controlsphere Far, Far Larger 90%",128692,flower-easier-50cm,Flower Easier 50cm,185354,3091,0.7735084918726103,8700,37.20282634639792,2771,2299,2341.396226415094,2392.0246001275405,2360.737663572701,2398.1110657902404,high
viscose-easier-s1-to-s2,Viscose Easier,Viscose Benchmark S2 Easier,controlsphere-far-far-larger-90,"Controlsphere Far, Far Larger 90%",128692,flower-easier-50cm,Flower Easier 50cm,185354,3091,0.7735084918726103,9200,44.53579344181553,2967,2468,2486.907284768212,2574.7099100360965,2553.5354658916463,2561.548767497409,high
viscose-easier-s1-to-s2,Viscose Easier,Viscose Benchmark S2 Easier,controlsphere-far-far-larger-90,"Controlsphere Far, Far Larger 90%",128692,flower-easier-50cm,Flower Easier 50cm,185354,3091,0.7735084918726103,9800,54.2044744170187,3236,2582,2580.1484593837536,2793.932281926364,2784.8928286743803,2759.7879297540217,high
viscose-easier-s1-to-s2,Viscose Easier,Viscose Benchmark S2 Easier,controlsphere-far-far-larger-90,"Controlsphere Far, Far Larger 90%",128692,flower-easier-50cm,Flower Easier 50cm,185354,3091,0.7735084918726103,10200,61.33474776942166,3457,2762,2742.5045871559632,2940.080529853209,2939.131070529537,2893.1741714477366,high
viscose-easier-s1-to-s2,Viscose Easier,Viscose Benchmark S2 Easier,controlsphere-far-far-larger-90,"Controlsphere Far, Far Larger 90%",128692,flower-easier-50cm,Flower Easier 50cm,185354,3091,0.7735084918726103,10900,74.20106461573434,3698,3127,3035.5635738831616,3195.8399637251878,3209.04799377606,3128.854650053345,high
viscose-easier-s1-to-s2,Viscose Easier,Viscose Benchmark S2 Easier,controlsphere-far-far-larger-90,"Controlsphere Far, Far Larger 90%",128692,flower-easier-50cm,Flower Easier 50cm,185354,3091,0.7735084918726103,11500,82.12695826782095,3815,3651,3603.447619047619,3415.062335615455,3440.4053565587947,3333.052367178029,high
viscose-easier-s1-to-s2,Viscose Easier,Viscose Benchmark S2 Easier,pgti-voltaic-easy-80,PGTI Voltaic Easy 80%,2107,pgti-voltaic-easy-smoother,PGTI Voltaic Easy Smoother,184878,2883,0.8978985756633077,350,1.134637014819346,547,1081,1228,615.3728147053869,599.1286481765353,519.6548405875087,high
viscose-easier-s1-to-s2,Viscose Easier,Viscose Benchmark S2 Easier,pgti-voltaic-easy-80,PGTI Voltaic Easy 80%,2107,pgti-voltaic-easy-smoother,PGTI Voltaic Easy Smoother,184878,2883,0.8978985756633077,550,5.057521163446928,928,1081,1228,832.1630065309595,817.6922558852893,771.647236690544,high
viscose-easier-s1-to-s2,Viscose Easier,Viscose Benchmark S2 Easier,pgti-voltaic-easy-80,PGTI Voltaic Easy 80%,2107,pgti-voltaic-easy-smoother,PGTI Voltaic Easy Smoother,184878,2883,0.8978985756633077,850,17.128085719359866,1428,1171,1228,1157.3482942693183,1145.5376674484205,1129.2523849177692,high
viscose-easier-s1-to-s2,Viscose Easier,Viscose Benchmark S2 Easier,pgti-voltaic-easy-80,PGTI Voltaic Easy 80%,2107,pgti-voltaic-easy-smoother,PGTI Voltaic Easy Smoother,184878,2883,0.8978985756633077,1100,31.58040136551098,1791,1405,1417.3084112149534,1428.336034051284,1418.742177084363,1414.9375108874688,high
viscose-easier-s1-to-s2,Viscose Easier,Viscose Benchmark S2 Easier,pgti-voltaic-easy-80,PGTI Voltaic Easy 80%,2107,pgti-voltaic-easy-smoother,PGTI Voltaic Easy Smoother,184878,2883,0.8978985756633077,1350,47.86589577125718,2168,1686,1716,1699.3237738332498,1691.9466867203055,1692.5294996790922,high
viscose-easier-s1-to-s2,Viscose Easier,Viscose Benchmark S2 Easier,pgti-voltaic-easy-80,PGTI Voltaic Easy 80%,2107,pgti-voltaic-easy-smoother,PGTI Voltaic Easy Smoother,184878,2883,0.8978985756633077,1600,62.52145943919333,2515,1975,1979.2278481012659,1970.3115136152155,1965.151196356248,1963.7169603940688,high
viscose-easier-s1-to-s2,Viscose Easier,Viscose Benchmark S2 Easier,pgti-voltaic-easy-80,PGTI Voltaic Easy 80%,2107,pgti-voltaic-easy-smoother,PGTI Voltaic Easy Smoother,184878,2883,0.8978985756633077,1900,78.20904947017384,2734,2269,2287.92,2295.4968013535745,2292.996607919379,2282.2477145620305,high
viscose-easier-s1-to-s2,Viscose Easier,Viscose Benchmark S2 Easier,pgti-voltaic-easy-80,PGTI Voltaic Easy 80%,2107,pgti-voltaic-easy-smoother,PGTI Voltaic Easy Smoother,184878,2883,0.8978985756633077,2250,88.318171951773,2992,2628,2628,2674.879637048326,2675.4829214096985,2646.0185739959325,high
viscose-easier-s1-to-s2,Viscose Easier,Viscose Benchmark S2 Easier,air-celestial-no-ufo-easy-slowed,Air CELESTIAL No UFO Easy Slowed,131872,air-celestial-no-ufo-easier,Air CELESTIAL No UFO Easier,185640,2801,0.8690273014285677,820,5.116686987956961,835.93,842.4,853.86,815.8361578767141,816.7925340427634,816.1096290200965,high
viscose-easier-s1-to-s2,Viscose Easier,Viscose Benchmark S2 Easier,air-celestial-no-ufo-easy-slowed,Air CELESTIAL No UFO Easy Slowed,131872,air-celestial-no-ufo-easier,Air CELESTIAL No UFO Easier,185640,2801,0.8690273014285677,835,8.691094996684422,848.97,844.42,853.86,831.2123032533513,832.1122929403655,831.3981974168341,high
viscose-easier-s1-to-s2,Viscose Easier,Viscose Benchmark S2 Easier,air-celestial-no-ufo-easy-slowed,Air CELESTIAL No UFO Easy Slowed,131872,air-celestial-no-ufo-easier,Air CELESTIAL No UFO Easier,185640,2801,0.8690273014285677,850,15.34364371430405,861.12,851.07,853.86,846.5884486299883,847.4320518379675,846.693324527949,high
viscose-easier-s1-to-s2,Viscose Easier,Viscose Benchmark S2 Easier,air-celestial-no-ufo-easy-slowed,Air CELESTIAL No UFO Easy Slowed,131872,air-celestial-no-ufo-easier,Air CELESTIAL No UFO Easier,185640,2801,0.8690273014285677,861,23.03364777856211,869.73,859.65,859.3655084745762,857.8642885728556,858.6665416962092,857.9138539096131,high
viscose-easier-s1-to-s2,Viscose Easier,Viscose Benchmark S2 Easier,air-celestial-no-ufo-easy-slowed,Air CELESTIAL No UFO Easy Slowed,131872,air-celestial-no-ufo-easier,Air CELESTIAL No UFO Easier,185640,2801,0.8690273014285677,870,32.971828274401595,878.18,866.73,866.6052959028832,867.0899757988379,867.8583970347704,867.0968350156829,high
viscose-easier-s1-to-s2,Viscose Easier,Viscose Benchmark S2 Easier,air-celestial-no-ufo-easy-slowed,Air CELESTIAL No UFO Easy Slowed,131872,air-celestial-no-ufo-easier,Air CELESTIAL No UFO Easier,185640,2801,0.8690273014285677,878,44.88224347044857,885.89,873.27,873.6223479729729,875.2905866663777,876.0289351134915,875.2613898425801,high
viscose-easier-s1-to-s2,Viscose Easier,Viscose Benchmark S2 Easier,air-celestial-no-ufo-easy-slowed,Air CELESTIAL No UFO Easy Slowed,131872,air-celestial-no-ufo-easier,Air CELESTIAL No UFO Easier,185640,2801,0.8690273014285677,884,56.275000534770804,893.42,880.11,880.370412979351,881.4410448170325,882.1568386725323,881.3859725092608,high
viscose-easier-s1-to-s2,Viscose Easier,Viscose Benchmark S2 Easier,air-celestial-no-ufo-easy-slowed,Air CELESTIAL No UFO Easy Slowed,131872,air-celestial-no-ufo-easier,Air CELESTIAL No UFO Easier,185640,2801,0.8690273014285677,890,67.92444758176646,897.09,890.68,891.1072384937237,887.5915029676873,888.2847422315732,887.5115477087311,high
viscose-easier-s1-to-s2,Viscose Easier,Viscose Benchmark S2 Easier,whisphere-small-slow-55,Whisphere Small & Slow 55%,128693,rawcontrolsphere-easier,RawControlSphere Easier,185356,2839,0.8343325338253831,6000,1.227828063481755,5148,7765.5,8740.5,3625.419201003896,3473.884514236265,4342.931580020214,high
viscose-easier-s1-to-s2,Viscose Easier,Viscose Benchmark S2 Easier,whisphere-small-slow-55,Whisphere Small & Slow 55%,128693,rawcontrolsphere-easier,RawControlSphere Easier,185356,2839,0.8343325338253831,7500,4.251735195031863,6609,7800,8740.5,5462.161019384368,5361.650061043516,5833.439031460484,high
viscose-easier-s1-to-s2,Viscose Easier,Viscose Benchmark S2 Easier,whisphere-small-slow-55,Whisphere Small & Slow 55%,128693,rawcontrolsphere-easier,RawControlSphere Easier,185356,2839,0.8343325338253831,9000,11.7485895198279,8220,7966.5,8740.5,7298.902837764839,7249.415607850766,7423.761922344604,high
viscose-easier-s1-to-s2,Viscose Easier,Viscose Benchmark S2 Easier,whisphere-small-slow-55,Whisphere Small & Slow 55%,128693,rawcontrolsphere-easier,RawControlSphere Easier,185356,2839,0.8343325338253831,10000,21.09631854527743,9546,8865,8835.1,8523.39738335182,8507.925972388934,8533.516176041612,high
viscose-easier-s1-to-s2,Viscose Easier,Viscose Benchmark S2 Easier,whisphere-small-slow-55,Whisphere Small & Slow 55%,128693,rawcontrolsphere-easier,RawControlSphere Easier,185356,2839,0.8343325338253831,10750,30.736290944514348,10443,9369,9426.35,9441.768292542054,9451.808745792558,9389.849670351852,high
viscose-easier-s1-to-s2,Viscose Easier,Viscose Benchmark S2 Easier,whisphere-small-slow-55,Whisphere Small & Slow 55%,128693,rawcontrolsphere-easier,RawControlSphere Easier,185356,2839,0.8343325338253831,11500,42.80147745261193,11514,10170,10065.313953488372,10360.13920173229,10395.691519196183,10265.668730203615,high
viscose-easier-s1-to-s2,Viscose Easier,Viscose Benchmark S2 Easier,whisphere-small-slow-55,Whisphere Small & Slow 55%,128693,rawcontrolsphere-easier,RawControlSphere Easier,185356,2839,0.8343325338253831,12250,57.47858911393433,12711,11245.5,11166,11278.510110922525,11339.574292599807,11160.101696635436,high
viscose-easier-s1-to-s2,Viscose Easier,Viscose Benchmark S2 Easier,whisphere-small-slow-55,Whisphere Small & Slow 55%,128693,rawcontrolsphere-easier,RawControlSphere Easier,185356,2839,0.8343325338253831,13500,78.59926127369403,14106,13482,13563.807692307691,12809.12829290625,12912.712248272515,12690.101159594375,high
viscose-easier-s1-to-s2,Viscose Easier,Viscose Benchmark S2 Easier,air-voltaic-invincible-7-easy-80,Air Voltaic Invincible 7 Easy 80%,128694,ground-plaza-sparky-v3-easy,Ground Plaza Sparky v3 Easy,134502,2903,0.8200796779600219,750,0.07421373555840821,718.85,838.94,849.495,794.2268396877236,801.3284947924142,742.0155352325901,high
viscose-easier-s1-to-s2,Viscose Easier,Viscose Benchmark S2 Easier,air-voltaic-invincible-7-easy-80,Air Voltaic Invincible 7 Easy 80%,128694,ground-plaza-sparky-v3-easy,Ground Plaza Sparky v3 Easy,134502,2903,0.8200796779600219,1200,0.5275192554557124,764.67,838.94,849.495,811.9489241879974,817.8177667836038,787.3393655520172,high
viscose-easier-s1-to-s2,Viscose Easier,Viscose Benchmark S2 Easier,air-voltaic-invincible-7-easy-80,Air Voltaic Invincible 7 Easy 80%,128694,ground-plaza-sparky-v3-easy,Ground Plaza Sparky v3 Easy,134502,2903,0.8200796779600219,1600,2.701781129653402,809.31,839.5350000000001,849.495,827.7018881882406,832.474897442439,816.4366979347383,high
viscose-easier-s1-to-s2,Viscose Easier,Viscose Benchmark S2 Easier,air-voltaic-invincible-7-easy-80,Air Voltaic Invincible 7 Easy 80%,128694,ground-plaza-sparky-v3-easy,Ground Plaza Sparky v3 Easy,134502,2903,0.8200796779600219,1900,8.179557124518613,841.4,843.375,849.495,839.5166111884231,843.4677454365655,834.3288625817249,high
viscose-easier-s1-to-s2,Viscose Easier,Viscose Benchmark S2 Easier,air-voltaic-invincible-7-easy-80,Air Voltaic Invincible 7 Easy 80%,128694,ground-plaza-sparky-v3-easy,Ground Plaza Sparky v3 Easy,134502,2903,0.8200796779600219,2200,20.58127406931964,862.54,853.0999999999999,853.6636602870814,851.3313341886055,854.4605934306919,849.9020614642827,high
viscose-easier-s1-to-s2,Viscose Easier,Viscose Benchmark S2 Easier,air-voltaic-invincible-7-easy-80,Air Voltaic Invincible 7 Easy 80%,128694,ground-plaza-sparky-v3-easy,Ground Plaza Sparky v3 Easy,134502,2903,0.8200796779600219,2500,40.56081514762516,878.32,866.305,866.3508,863.1460571887881,865.4534414248184,863.718426089346,high
viscose-easier-s1-to-s2,Viscose Easier,Viscose Benchmark S2 Easier,air-voltaic-invincible-7-easy-80,Air Voltaic Invincible 7 Easy 80%,128694,ground-plaza-sparky-v3-easy,Ground Plaza Sparky v3 Easy,134502,2903,0.8200796779600219,2800,65.06538831835687,890.02,878.075,877.8653658536585,874.9607801889705,876.4462894189447,876.1548171948785,high
viscose-easier-s1-to-s2,Viscose Easier,Viscose Benchmark S2 Easier,air-voltaic-invincible-7-easy-80,Air Voltaic Invincible 7 Easy 80%,128694,ground-plaza-sparky-v3-easy,Ground Plaza Sparky v3 Easy,134502,2903,0.8200796779600219,3200,86.6094351732991,900,891.2,891.0328666666667,890.7137441892138,891.10342007778,891.0381914446789,high
viscose-easier-s1-to-s2,Viscose Easier,Viscose Benchmark S2 Easier,controlsphere-ow-long-strafes-90,Controlsphere OW Long Strafes 90%,128697,air-spectral-easy-85,Air Spectral Easy 85%,185693,2552,0.7240918683840228,5400,15.802666779011226,917.15,915.91,916.78,911.7753938555148,913.8426233868283,911.192098137644,high
viscose-easier-s1-to-s2,Viscose Easier,Viscose Benchmark S2 Easier,controlsphere-ow-long-strafes-90,Controlsphere OW Long Strafes 90%,128697,air-spectral-easy-85,Air Spectral Easy 85%,185693,2552,0.7240918683840228,6100,24.205337770943483,921.14,917.95,917.7747242206235,915.3036140121369,917.0555795554313,915.6704489229712,high
viscose-easier-s1-to-s2,Viscose Easier,Viscose Benchmark S2 Easier,controlsphere-ow-long-strafes-90,Controlsphere OW Long Strafes 90%,128697,air-spectral-easy-85,Air Spectral Easy 85%,185693,2552,0.7240918683840228,6700,32.795483748657134,924.31,920.1800000000001,920.1898696461826,918.327802717813,919.8095419856626,919.1324264313462,high
viscose-easier-s1-to-s2,Viscose Easier,Viscose Benchmark S2 Easier,controlsphere-ow-long-strafes-90,Controlsphere OW Long Strafes 90%,128697,air-spectral-easy-85,Air Spectral Easy 85%,185693,2552,0.7240918683840228,7200,41.07598003075432,926.68,920.3299999999999,920.6833519553073,920.847959972543,922.104510677522,921.7971684824267,high
viscose-easier-s1-to-s2,Viscose Easier,Viscose Benchmark S2 Easier,controlsphere-ow-long-strafes-90,Controlsphere OW Long Strafes 90%,128697,air-spectral-easy-85,Air Spectral Easy 85%,185693,2552,0.7240918683840228,7600,49.126872116782174,928.78,923.815,923.6126691729323,922.8640857763271,923.9404856310094,923.8040300742853,high
viscose-easier-s1-to-s2,Viscose Easier,Viscose Benchmark S2 Easier,controlsphere-ow-long-strafes-90,Controlsphere OW Long Strafes 90%,128697,air-spectral-easy-85,Air Spectral Easy 85%,185693,2552,0.7240918683840228,8000,57.912918922334796,931.22,924.745,924.4713432835821,924.8802115801111,925.7764605844969,925.7119678652537,high
viscose-easier-s1-to-s2,Viscose Easier,Viscose Benchmark S2 Easier,controlsphere-ow-long-strafes-90,Controlsphere OW Long Strafes 90%,128697,air-spectral-easy-85,Air Spectral Easy 85%,185693,2552,0.7240918683840228,8300,65.94485286373308,932.26,926.1,925.6112222222222,926.3923059329492,927.1534417996126,927.0837521691451,high
viscose-easier-s1-to-s2,Viscose Easier,Viscose Benchmark S2 Easier,controlsphere-ow-long-strafes-90,Controlsphere OW Long Strafes 90%,128697,air-spectral-easy-85,Air Spectral Easy 85%,185693,2552,0.7240918683840228,8700,74.81515808986161,933.43,931.6949999999999,931.5992957746479,928.4084317367332,928.9894167530999,928.840571268565,high
viscose-easier-s1-to-s2,Viscose Easier,Viscose Benchmark S2 Easier,flicker-plaza-raim-easy-less-blinks,Flicker Plaza rAim Easy Less Blinks,128774,vt-aether-novice-s5-bot-1,VT Aether Novice S5 Bot 1,108042,2595,0.6011504110031867,858,1.3121778134832964,1069,1755.5,1972,776.3036765786092,528.6571882082644,1187.1604231618098,high
viscose-easier-s1-to-s2,Viscose Easier,Viscose Benchmark S2 Easier,flicker-plaza-raim-easy-less-blinks,Flicker Plaza rAim Easy Less Blinks,128774,vt-aether-novice-s5-bot-1,VT Aether Novice S5 Bot 1,108042,2595,0.6011504110031867,871,3.0885273705117045,1285,1798.5,1972,1245.5079772742392,1055.906303237447,1444.4698306079308,high
viscose-easier-s1-to-s2,Viscose Easier,Viscose Benchmark S2 Easier,flicker-plaza-raim-easy-less-blinks,Flicker Plaza rAim Easy Less Blinks,128774,vt-aether-novice-s5-bot-1,VT Aether Novice S5 Bot 1,108042,2595,0.6011504110031867,883,7.366494833857757,1583,1880.5,1972,1678.6196394548242,1542.597794033616,1726.7623607651951,high
viscose-easier-s1-to-s2,Viscose Easier,Viscose Benchmark S2 Easier,flicker-plaza-raim-easy-less-blinks,Flicker Plaza rAim Easy Less Blinks,128774,vt-aether-novice-s5-bot-1,VT Aether Novice S5 Bot 1,108042,2595,0.6011504110031867,890,12.438910089040638,1765,1972,1972,1931.2681090601654,1826.5011636647105,1914.123176256043,high
viscose-easier-s1-to-s2,Viscose Easier,Viscose Benchmark S2 Easier,flicker-plaza-raim-easy-less-blinks,Flicker Plaza rAim Easy Less Blinks,128774,vt-aether-novice-s5-bot-1,VT Aether Novice S5 Bot 1,108042,2595,0.6011504110031867,895,18.515543058623997,1929,2096.5,2143.0857142857153,2111.7313016354055,2029.2892848297852,2059.255312158358,high
viscose-easier-s1-to-s2,Viscose Easier,Viscose Benchmark S2 Easier,flicker-plaza-raim-easy-less-blinks,Flicker Plaza rAim Easy Less Blinks,128774,vt-aether-novice-s5-bot-1,VT Aether Novice S5 Bot 1,108042,2595,0.6011504110031867,900,27.736493271741313,2102,2201.5,2201.4355300859597,2292.1944942106493,2232.0774059948526,2214.489783686337,high
viscose-easier-s1-to-s2,Viscose Easier,Viscose Benchmark S2 Easier,flicker-plaza-raim-easy-less-blinks,Flicker Plaza rAim Easy Less Blinks,128774,vt-aether-novice-s5-bot-1,VT Aether Novice S5 Bot 1,108042,2595,0.6011504110031867,904,37.97058757894267,2260,2218,2266,2436.5650482708443,2394.3079029269065,2346.3806695980993,high
viscose-easier-s1-to-s2,Viscose Easier,Viscose Benchmark S2 Easier,flicker-plaza-raim-easy-less-blinks,Flicker Plaza rAim Easy Less Blinks,128774,vt-aether-novice-s5-bot-1,VT Aether Novice S5 Bot 1,108042,2595,0.6011504110031867,909,53.451161545156324,2471,2447.5,2423.9021739130444,2617.0282408460844,2597.0960240919812,2521.4396909639936,high
viscose-easier-s1-to-s2,Viscose Easier,Viscose Benchmark S2 Easier,polarized-hell-easy-40-slower,Polarized Hell Easy 40% Slower,128775,plink-palace-easy-less-blinks,Plink Palace Easy Less Blinks,184534,2460,0.7922126149281955,750,0.2060514044029932,1310,2069,2292,1220.3230291423583,1197.497439938454,1150.519888256903,high
viscose-easier-s1-to-s2,Viscose Easier,Viscose Benchmark S2 Easier,polarized-hell-easy-40-slower,Polarized Hell Easy 40% Slower,128775,plink-palace-easy-less-blinks,Plink Palace Easy Less Blinks,184534,2460,0.7922126149281955,1100,2.0496692332718793,1654,2069,2292,1588.1139835287606,1571.9641076098924,1567.1822643283804,high
viscose-easier-s1-to-s2,Viscose Easier,Viscose Benchmark S2 Easier,polarized-hell-easy-40-slower,Polarized Hell Easy 40% Slower,128775,plink-palace-easy-less-blinks,Plink Palace Easy Less Blinks,184534,2460,0.7922126149281955,1400,8.140114954994035,2093,2118,2292,1903.3633730028198,1892.9355370425537,1903.8747194739278,high
viscose-easier-s1-to-s2,Viscose Easier,Viscose Benchmark S2 Easier,polarized-hell-easy-40-slower,Polarized Hell Easy 40% Slower,128775,plink-palace-easy-less-blinks,Plink Palace Easy Less Blinks,184534,2460,0.7922126149281955,1600,15.22394534215378,2305,2246,2292,2113.5296326521925,2106.9164899976613,2120.4910607727875,high
viscose-easier-s1-to-s2,Viscose Easier,Viscose Benchmark S2 Easier,polarized-hell-easy-40-slower,Polarized Hell Easy 40% Slower,128775,plink-palace-easy-less-blinks,Plink Palace Easy Less Blinks,184534,2460,0.7922126149281955,1800,25.650146404945236,2530,2342,2340.8914285714286,2323.6958923015654,2320.897442952769,2331.9287507832314,high
viscose-easier-s1-to-s2,Viscose Easier,Viscose Benchmark S2 Easier,polarized-hell-easy-40-slower,Polarized Hell Easy 40% Slower,128775,plink-palace-easy-less-blinks,Plink Palace Easy Less Blinks,184534,2460,0.7922126149281955,2000,39.58139030473918,2767,2484,2488.4210526315787,2533.862151950938,2534.878395907877,2538.869916132989,high
viscose-easier-s1-to-s2,Viscose Easier,Viscose Benchmark S2 Easier,polarized-hell-easy-40-slower,Polarized Hell Easy 40% Slower,128775,plink-palace-easy-less-blinks,Plink Palace Easy Less Blinks,184534,2460,0.7922126149281955,2150,52.63203557097928,2946,2690,2698.626506024096,2691.4868466879675,2695.3641106242076,2691.4499605504243,high
viscose-easier-s1-to-s2,Viscose Easier,Viscose Benchmark S2 Easier,polarized-hell-easy-40-slower,Polarized Hell Easy 40% Slower,128775,plink-palace-easy-less-blinks,Plink Palace Easy Less Blinks,184534,2460,0.7922126149281955,2500,80.25593753389003,3271,3117,3100.344827586207,3059.2778010743696,3069.830778295646,3039.7960973700187,high
viscose-easier-s1-to-s2,Viscose Easier,Viscose Benchmark S2 Easier,air-pure-intermediate-slower-no-ufo,Air Pure Intermediate Slower No UFO,128776,air-pure-easier-no-ufo,Air Pure Easier No UFO,185405,2424,0.851412212303251,860,3.6327684914813876,907.39,913.165,920.24,902.7296921024631,902.5012102430458,903.0216142306094,high
viscose-easier-s1-to-s2,Viscose Easier,Viscose Benchmark S2 Easier,air-pure-intermediate-slower-no-ufo,Air Pure Intermediate Slower No UFO,128776,air-pure-easier-no-ufo,Air Pure Easier No UFO,185405,2424,0.851412212303251,874,7.764467845400409,915.46,915.875,920.24,911.2537404362433,911.2021353874054,911.5523608418907,high
viscose-easier-s1-to-s2,Viscose Easier,Viscose Benchmark S2 Easier,air-pure-intermediate-slower-no-ufo,Air Pure Intermediate Slower No UFO,128776,air-pure-easier-no-ufo,Air Pure Easier No UFO,185405,2424,0.851412212303251,886,14.96792587312901,922.5,920.07,920.24,918.5600675794835,918.6600712254279,918.819097903438,high
viscose-easier-s1-to-s2,Viscose Easier,Viscose Benchmark S2 Easier,air-pure-intermediate-slower-no-ufo,Air Pure Intermediate Slower No UFO,128776,air-pure-easier-no-ufo,Air Pure Easier No UFO,185405,2424,0.851412212303251,893,22.210470650449498,926.87,923.405,923.4030641821946,922.8220917463736,923.0105337976079,923.0390443168428,high
viscose-easier-s1-to-s2,Viscose Easier,Viscose Benchmark S2 Easier,air-pure-intermediate-slower-no-ufo,Air Pure Intermediate Slower No UFO,128776,air-pure-easier-no-ufo,Air Pure Easier No UFO,185405,2424,0.851412212303251,901,34.47911158117398,931.96,926.14,925.9746818923328,927.6929765085338,927.9824910229562,927.8449565669938,high
viscose-easier-s1-to-s2,Viscose Easier,Viscose Benchmark S2 Easier,air-pure-intermediate-slower-no-ufo,Air Pure Intermediate Slower No UFO,128776,air-pure-easier-no-ufo,Air Pure Easier No UFO,185405,2424,0.851412212303251,907,47.15471455176695,936.19,930.53,930.59644486692,931.3461400801539,931.7114589419675,931.4377022915696,high
viscose-easier-s1-to-s2,Viscose Easier,Viscose Benchmark S2 Easier,air-pure-intermediate-slower-no-ufo,Air Pure Intermediate Slower No UFO,128776,air-pure-easier-no-ufo,Air Pure Easier No UFO,185405,2424,0.851412212303251,911,58.09440599636723,938.62,932.855,932.8075221238937,933.7815824612339,934.1974375546416,933.8273523870288,high
viscose-easier-s1-to-s2,Viscose Easier,Viscose Benchmark S2 Easier,air-pure-intermediate-slower-no-ufo,Air Pure Intermediate Slower No UFO,128776,air-pure-easier-no-ufo,Air Pure Easier No UFO,185405,2424,0.851412212303251,916,71.25974294714091,941.04,937.99,937.7483333333333,936.825885437584,937.3049108204845,936.8082602745288,high
viscose-easier-s1-to-s2,Viscose Easier,Viscose Benchmark S2 Easier,air-voltaic-easy-invincible-4-80,Air Voltaic Easy Invincible 4 80%,128781,air-voltaic-invincible-4-easier,Air Voltaic Invincible 4 Easier,185406,2420,0.8573020923109965,1100,0.11027546811936217,1646,2838,3147,1501.133744091539,1452.1197011388485,1453.8140771255999,high
viscose-easier-s1-to-s2,Viscose Easier,Viscose Benchmark S2 Easier,air-voltaic-easy-invincible-4-80,Air Voltaic Easy Invincible 4 80%,128781,air-voltaic-invincible-4-easier,Air Voltaic Invincible 4 Easier,185406,2420,0.8573020923109965,1600,0.7145850334134668,2111,2838,3147,2044.1933001695497,2007.0699302403427,2032.6351315512024,high
viscose-easier-s1-to-s2,Viscose Easier,Viscose Benchmark S2 Easier,air-voltaic-easy-invincible-4-80,Air Voltaic Easy Invincible 4 80%,128781,air-voltaic-invincible-4-easier,Air Voltaic Invincible 4 Easier,185406,2420,0.8573020923109965,2100,4.481595024370878,2727,2842,3147,2587.2528562475604,2562.020159341837,2592.344549679317,high
viscose-easier-s1-to-s2,Viscose Easier,Viscose Benchmark S2 Easier,air-voltaic-easy-invincible-4-80,Air Voltaic Easy Invincible 4 80%,128781,air-voltaic-invincible-4-easier,Air Voltaic Invincible 4 Easier,185406,2420,0.8573020923109965,2450,13.40949692331444,3169,3068,3147,2967.394545502168,2950.4853197128828,2975.5888313275896,high
viscose-easier-s1-to-s2,Viscose Easier,Viscose Benchmark S2 Easier,air-voltaic-easy-invincible-4-80,Air Voltaic Easy Invincible 4 80%,128781,air-voltaic-invincible-4-easier,Air Voltaic Invincible 4 Easier,185406,2420,0.8573020923109965,2800,30.947707373017796,3634,3339,3315.6181818181817,3347.5362347567757,3338.9504800839286,3353.076837562906,high
viscose-easier-s1-to-s2,Viscose Easier,Viscose Benchmark S2 Easier,air-voltaic-easy-invincible-4-80,Air Voltaic Easy Invincible 4 80%,128781,air-voltaic-invincible-4-easier,Air Voltaic Invincible 4 Easier,185406,2420,0.8573020923109965,3150,54.641494453143956,4140,3709,3704.7297297297296,3727.677924011383,3727.4156404549744,3725.6032584787968,high
viscose-easier-s1-to-s2,Viscose Easier,Viscose Benchmark S2 Easier,air-voltaic-easy-invincible-4-80,Air Voltaic Easy Invincible 4 80%,128781,air-voltaic-invincible-4-easier,Air Voltaic Invincible 4 Easier,185406,2420,0.8573020923109965,3400,72.94060563287091,4377,4033,4029.68,3999.2077020503884,4004.8907550057215,3988.9984654612954,high
viscose-easier-s1-to-s2,Viscose Easier,Viscose Benchmark S2 Easier,air-voltaic-easy-invincible-4-80,Air Voltaic Easy Invincible 4 80%,128781,air-voltaic-invincible-4-easier,Air Voltaic Invincible 4 Easier,185406,2420,0.8573020923109965,3800,89.03420745021063,4680,4451,4447.4473684210525,4433.6553469127975,4448.850938286918,4406.256049566853,high
viscose-easier-s1-to-s2,Viscose Easier,Viscose Benchmark S2 Easier,voxtargetswitch-2-large,voxTargetSwitch 2 Large,84880,voxtargetswitch-2-large,voxTargetSwitch 2 Large,84880,49629,1,67,1.6603195712184409,67.04,71,76,67,67,66.99999999999997,high
viscose-easier-s1-to-s2,Viscose Easier,Viscose Benchmark S2 Easier,voxtargetswitch-2-large,voxTargetSwitch 2 Large,84880,voxtargetswitch-2-large,voxTargetSwitch 2 Large,84880,49629,1,78,7.0906123435894335,78.04,78.6,78.62773722627738,78,78,78,high
viscose-easier-s1-to-s2,Viscose Easier,Viscose Benchmark S2 Easier,voxtargetswitch-2-large,voxTargetSwitch 2 Large,84880,voxtargetswitch-2-large,voxTargetSwitch 2 Large,84880,49629,1,87,16.34326704144754,87.05,87.25,87.28125,87,87,87,high
viscose-easier-s1-to-s2,Viscose Easier,Viscose Benchmark S2 Easier,voxtargetswitch-2-large,voxTargetSwitch 2 Large,84880,voxtargetswitch-2-large,voxTargetSwitch 2 Large,84880,49629,1,95,28.84805254992041,95.05,95,95,95,95,95,high
viscose-easier-s1-to-s2,Viscose Easier,Viscose Benchmark S2 Easier,voxtargetswitch-2-large,voxTargetSwitch 2 Large,84880,voxtargetswitch-2-large,voxTargetSwitch 2 Large,84880,49629,1,103,45.689012472546295,103.05,103.05,103.05,103,103,103,high
viscose-easier-s1-to-s2,Viscose Easier,Viscose Benchmark S2 Easier,voxtargetswitch-2-large,voxTargetSwitch 2 Large,84880,voxtargetswitch-2-large,voxTargetSwitch 2 Large,84880,49629,1,110,62.30631284128232,110.05,110,110.28571428571428,110,110,110.00000000000004,high
viscose-easier-s1-to-s2,Viscose Easier,Viscose Benchmark S2 Easier,voxtargetswitch-2-large,voxTargetSwitch 2 Large,84880,voxtargetswitch-2-large,voxTargetSwitch 2 Large,84880,49629,1,117,77.80128553869713,117,117,116.98666666666666,117,117,117.00000000000003,high
viscose-easier-s1-to-s2,Viscose Easier,Viscose Benchmark S2 Easier,voxtargetswitch-2-large,voxTargetSwitch 2 Large,84880,voxtargetswitch-2-large,voxTargetSwitch 2 Large,84880,49629,1,123,87.79342723004694,123.05,123.1,123.4875,123,123,122.99999999999994,high
viscose-easier-s1-to-s2,Viscose Easier,Viscose Benchmark S2 Easier,pokeball-frenzy-auto-te-wide,Pokeball Frenzy Auto TE Wide,783,ww5t-voltaic-slightly-larger,ww5t Voltaic Slightly Larger,185378,2840,0.7976367133566917,650,0.05159258152985581,36,96,98.5,55.085988434893316,54.86354889140274,46.170581692099105,high
viscose-easier-s1-to-s2,Viscose Easier,Viscose Benchmark S2 Easier,pokeball-frenzy-auto-te-wide,Pokeball Frenzy Auto TE Wide,783,ww5t-voltaic-slightly-larger,ww5t Voltaic Slightly Larger,185378,2840,0.7976367133566917,950,0.10861596111548594,54,96,98.5,63.773877330387194,63.54051918625372,58.85604428263096,high
viscose-easier-s1-to-s2,Viscose Easier,Viscose Benchmark S2 Easier,pokeball-frenzy-auto-te-wide,Pokeball Frenzy Auto TE Wide,783,ww5t-voltaic-slightly-larger,ww5t Voltaic Slightly Larger,185378,2840,0.7976367133566917,1250,0.5023488201591224,68,96,98.5,72.46176622588108,72.2174894811047,70.15072463280815,high
viscose-easier-s1-to-s2,Viscose Easier,Viscose Benchmark S2 Easier,pokeball-frenzy-auto-te-wide,Pokeball Frenzy Auto TE Wide,783,ww5t-voltaic-slightly-larger,ww5t Voltaic Slightly Larger,185378,2840,0.7976367133566917,1500,2.3474624596084395,81,96,98.5,79.70167363879264,79.44829806014718,78.82841144907675,high
viscose-easier-s1-to-s2,Viscose Easier,Viscose Benchmark S2 Easier,pokeball-frenzy-auto-te-wide,Pokeball Frenzy Auto TE Wide,783,ww5t-voltaic-slightly-larger,ww5t Voltaic Slightly Larger,185378,2840,0.7976367133566917,1750,7.231107611263475,92,96,98.5,86.9415810517042,86.67910663918968,86.99759722253441,high
viscose-easier-s1-to-s2,Viscose Easier,Viscose Benchmark S2 Easier,pokeball-frenzy-auto-te-wide,Pokeball Frenzy Auto TE Wide,783,ww5t-voltaic-slightly-larger,ww5t Voltaic Slightly Larger,185378,2840,0.7976367133566917,2000,15.68957558313194,101,99,98.5,94.18148846461577,93.90991521823216,94.7553004116358,high
viscose-easier-s1-to-s2,Viscose Easier,Viscose Benchmark S2 Easier,pokeball-frenzy-auto-te-wide,Pokeball Frenzy Auto TE Wide,783,ww5t-voltaic-slightly-larger,ww5t Voltaic Slightly Larger,185378,2840,0.7976367133566917,2300,30.914817932495183,110,105,103.77777777777777,102.86937736010965,102.58688551308315,103.61691835951808,high
viscose-easier-s1-to-s2,Viscose Easier,Viscose Benchmark S2 Easier,pokeball-frenzy-auto-te-wide,Pokeball Frenzy Auto TE Wide,783,ww5t-voltaic-slightly-larger,ww5t Voltaic Slightly Larger,185378,2840,0.7976367133566917,2700,58.44624867624297,123,116,114,114.45322922076815,114.15617923955112,114.8088433875063,high
viscose-easier-s1-to-s2,Viscose Easier,Viscose Benchmark S2 Easier,1w3ts-reload-larger,1w3ts reload Larger,128795,aimerz-static-switching-6-bot-slightly-larger,aimerz+ Static Switching 6 Bot Slightly Larger,185407,2566,0.8286569193268006,36,0.06507000272874205,64,100,105,66.57809488438744,66.99527265574187,59.12286029596489,high
viscose-easier-s1-to-s2,Viscose Easier,Viscose Benchmark S2 Easier,1w3ts-reload-larger,1w3ts reload Larger,128795,aimerz-static-switching-6-bot-slightly-larger,aimerz+ Static Switching 6 Bot Slightly Larger,185407,2566,0.8286569193268006,50,0.37152872525765623,71,100,105,79.2444999961438,79.62405975429655,75.10057313574814,high
viscose-easier-s1-to-s2,Viscose Easier,Viscose Benchmark S2 Easier,1w3ts-reload-larger,1w3ts reload Larger,128795,aimerz-static-switching-6-bot-slightly-larger,aimerz+ Static Switching 6 Bot Slightly Larger,185407,2566,0.8286569193268006,54,0.6339077685187129,76,100,105,82.86347288521705,83.23228463959789,79.42949596017415,high
viscose-easier-s1-to-s2,Viscose Easier,Viscose Benchmark S2 Easier,1w3ts-reload-larger,1w3ts reload Larger,128795,aimerz-static-switching-6-bot-slightly-larger,aimerz+ Static Switching 6 Bot Slightly Larger,185407,2566,0.8286569193268006,58,1.19434940492433,81,100,105,86.4824457742903,86.84050952489923,83.67203983219675,high
viscose-easier-s1-to-s2,Viscose Easier,Viscose Benchmark S2 Easier,1w3ts-reload-larger,1w3ts reload Larger,128795,aimerz-static-switching-6-bot-slightly-larger,aimerz+ Static Switching 6 Bot Slightly Larger,185407,2566,0.8286569193268006,70,6.7987657689805,98,103,105,97.33936444151003,97.66518418080325,95.95132163775055,high
viscose-easier-s1-to-s2,Viscose Easier,Viscose Benchmark S2 Easier,1w3ts-reload-larger,1w3ts reload Larger,128795,aimerz-static-switching-6-bot-slightly-larger,aimerz+ Static Switching 6 Bot Slightly Larger,185407,2566,0.8286569193268006,82,24.567074578619255,113,110,110,108.19628310872977,108.48985883670727,107.66846806939945,high
viscose-easier-s1-to-s2,Viscose Easier,Viscose Benchmark S2 Easier,1w3ts-reload-larger,1w3ts reload Larger,128795,aimerz-static-switching-6-bot-slightly-larger,aimerz+ Static Switching 6 Bot Slightly Larger,185407,2566,0.8286569193268006,92,49.18872399823681,125,119,119,117.24371533141289,117.51042104996061,117.0789045289121,high
viscose-easier-s1-to-s2,Viscose Easier,Viscose Benchmark S2 Easier,1w3ts-reload-larger,1w3ts reload Larger,128795,aimerz-static-switching-6-bot-slightly-larger,aimerz+ Static Switching 6 Bot Slightly Larger,185407,2566,0.8286569193268006,102,73.41155727209755,133,129,129,126.291147554096,126.53098326321395,126.21476514261553,high
viscose-easier-s1-to-s2,Viscose Easier,Viscose Benchmark S2 Easier,beants-larger,beanTS Larger,129353,beants-larger,beanTS Larger,129353,49286,1,65,0.7020249157975895,65.1,75,82,65,65,64.99999999999999,high
viscose-easier-s1-to-s2,Viscose Easier,Viscose Benchmark S2 Easier,beants-larger,beanTS Larger,129353,beants-larger,beanTS Larger,129353,49286,1,78,3.832731404455626,78.04,79.5,82,78,78,78,high
viscose-easier-s1-to-s2,Viscose Easier,Viscose Benchmark S2 Easier,beants-larger,beanTS Larger,129353,beants-larger,beanTS Larger,129353,49286,1,90,11.534715740778315,90.05,90.3,90.36363636363636,90,90,90,high
viscose-easier-s1-to-s2,Viscose Easier,Viscose Benchmark S2 Easier,beants-larger,beanTS Larger,129353,beants-larger,beanTS Larger,129353,49286,1,100,22.474942174248266,100.05,100.05,100,100,100,100.00000000000004,high
viscose-easier-s1-to-s2,Viscose Easier,Viscose Benchmark S2 Easier,beants-larger,beanTS Larger,129353,beants-larger,beanTS Larger,129353,49286,1,110,38.60122550014203,110,110,110,110,110,110.00000000000004,high
viscose-easier-s1-to-s2,Viscose Easier,Viscose Benchmark S2 Easier,beants-larger,beanTS Larger,129353,beants-larger,beanTS Larger,129353,49286,1,120,57.19474090005276,120.05,120.05,119.94558139534884,120,120,119.99999999999997,high
viscose-easier-s1-to-s2,Viscose Easier,Viscose Benchmark S2 Easier,beants-larger,beanTS Larger,129353,beants-larger,beanTS Larger,129353,49286,1,130,76.05810980805909,130.05,130,130.1648745519713,130,130,129.99999999999997,high
viscose-easier-s1-to-s2,Viscose Easier,Viscose Benchmark S2 Easier,beants-larger,beanTS Larger,129353,beants-larger,beanTS Larger,129353,49286,1,142,90.07831838656007,142,142.14,142.14,142,142,142.00000000000003,high
viscose-easier-s1-to-s2,Viscose Easier,Viscose Benchmark S2 Easier,floatts-angelic-easy-larger,FloatTS Angelic Easy Larger,135509,1w6ts-reload-v2-20-bigger,1w6ts reload v2 20% bigger,21620,2500,0.7890622223458252,65,1.9650753542099089,73,84,85,64.87755971577033,63.983812460167655,66.53120757048252,high
viscose-easier-s1-to-s2,Viscose Easier,Viscose Benchmark S2 Easier,floatts-angelic-easy-larger,FloatTS Angelic Easy Larger,135509,1w6ts-reload-v2-20-bigger,1w6ts reload v2 20% bigger,21620,2500,0.7890622223458252,74,6.978160815810848,82,85,85,74.76835027291202,73.98393934501588,75.91136611379717,high
viscose-easier-s1-to-s2,Viscose Easier,Viscose Benchmark S2 Easier,floatts-angelic-easy-larger,FloatTS Angelic Easy Larger,135509,1w6ts-reload-v2-20-bigger,1w6ts reload v2 20% bigger,21620,2500,0.7890622223458252,81,14.854255031134375,90,85,85,82.46118737291111,81.76181581100896,83.2206940501296,high
viscose-easier-s1-to-s2,Viscose Easier,Viscose Benchmark S2 Easier,floatts-angelic-easy-larger,FloatTS Angelic Easy Larger,135509,1w6ts-reload-v2-20-bigger,1w6ts reload v2 20% bigger,21620,2500,0.7890622223458252,88,26.825196281924015,97,91,90.11764705882354,90.15402447291021,89.53969227700202,90.54084485470227,high
viscose-easier-s1-to-s2,Viscose Easier,Viscose Benchmark S2 Easier,floatts-angelic-easy-larger,FloatTS Angelic Easy Larger,135509,1w6ts-reload-v2-20-bigger,1w6ts reload v2 20% bigger,21620,2500,0.7890622223458252,95,43.51592816532804,106,95,95.34426229508196,97.8468615729093,97.31756874299509,97.8709698908716,high
viscose-easier-s1-to-s2,Viscose Easier,Viscose Benchmark S2 Easier,floatts-angelic-easy-larger,FloatTS Angelic Easy Larger,135509,1w6ts-reload-v2-20-bigger,1w6ts reload v2 20% bigger,21620,2500,0.7890622223458252,101,59.301958307012,114,106,104.51162790697673,104.4407219443371,103.98431999956057,104.1613211218828,high
viscose-easier-s1-to-s2,Viscose Easier,Viscose Benchmark S2 Easier,floatts-angelic-easy-larger,FloatTS Angelic Easy Larger,135509,1w6ts-reload-v2-20-bigger,1w6ts reload v2 20% bigger,21620,2500,0.7890622223458252,106,73.23797491201155,118,110,109.41463414634147,109.93560558719359,109.53994604669847,109.4081825145408,high
viscose-easier-s1-to-s2,Viscose Easier,Viscose Benchmark S2 Easier,floatts-angelic-easy-larger,FloatTS Angelic Easy Larger,135509,1w6ts-reload-v2-20-bigger,1w6ts reload v2 20% bigger,21620,2500,0.7890622223458252,111,83.94098005595163,124,116,116,115.43048923005009,115.09557209383638,114.6592792844042,high
viscose-easier-s1-to-s2,Viscose Easier,Viscose Benchmark S2 Easier,floatts-angelic-easy-larger,FloatTS Angelic Easy Larger,135509,staticswitchingvox,StaticSwitchingVox,15659,3819,0.8204936374290691,65,1.9650753542099089,74.09,93,98.2,80.27938956794979,80.18193058853386,80.59172037050206,high
viscose-easier-s1-to-s2,Viscose Easier,Viscose Benchmark S2 Easier,floatts-angelic-easy-larger,FloatTS Angelic Easy Larger,135509,staticswitchingvox,StaticSwitchingVox,15659,3819,0.8204936374290691,74,6.978160815810848,85,97,98.2,89.52992436261836,89.61811941109187,89.95072662358449,high
viscose-easier-s1-to-s2,Viscose Easier,Viscose Benchmark S2 Easier,floatts-angelic-easy-larger,FloatTS Angelic Easy Larger,135509,staticswitchingvox,StaticSwitchingVox,15659,3819,0.8204936374290691,81,14.854255031134375,93,99.9,99.12564102564103,96.7247847584717,96.95737738419254,97.10933931897466,high
viscose-easier-s1-to-s2,Viscose Easier,Viscose Benchmark S2 Easier,floatts-angelic-easy-larger,FloatTS Angelic Easy Larger,135509,staticswitchingvox,StaticSwitchingVox,15659,3819,0.8204936374290691,88,26.825196281924015,100,103,103.6274647887324,103.91964515432502,104.2966353572932,104.17393343607485,high
viscose-easier-s1-to-s2,Viscose Easier,Viscose Benchmark S2 Easier,floatts-angelic-easy-larger,FloatTS Angelic Easy Larger,135509,staticswitchingvox,StaticSwitchingVox,15659,3819,0.8204936374290691,95,43.51592816532804,108,111,111.42500000000001,111.11450555017835,111.63589333039387,111.15309694577715,high
viscose-easier-s1-to-s2,Viscose Easier,Viscose Benchmark S2 Easier,floatts-angelic-easy-larger,FloatTS Angelic Easy Larger,135509,staticswitchingvox,StaticSwitchingVox,15659,3819,0.8204936374290691,101,59.301958307012,116,118.35,117.85,117.28152874662406,117.92668587876587,117.0727516659858,high
viscose-easier-s1-to-s2,Viscose Easier,Viscose Benchmark S2 Easier,floatts-angelic-easy-larger,FloatTS Angelic Easy Larger,135509,staticswitchingvox,StaticSwitchingVox,15659,3819,0.8204936374290691,106,73.23797491201155,124.2,123,122,122.42071474366216,123.1690130024092,121.96476507956517,high
viscose-easier-s1-to-s2,Viscose Easier,Viscose Benchmark S2 Easier,floatts-angelic-easy-larger,FloatTS Angelic Easy Larger,135509,staticswitchingvox,StaticSwitchingVox,15659,3819,0.8204936374290691,111,83.94098005595163,131,128.7,128.58999999999997,127.55990074070024,128.41134012605255,126.82163727265961,high
viscose-easier-s1-to-s2,Viscose Easier,Viscose Benchmark S2 Easier,waldots-novice,waldoTS Novice,113019,waldots-novice,waldoTS Novice,113019,49808,1,65,0.26903308705428847,65.1,82.8,90.15,65,65,64.99999999999999,high
viscose-easier-s1-to-s2,Viscose Easier,Viscose Benchmark S2 Easier,waldots-novice,waldoTS Novice,113019,waldots-novice,waldoTS Novice,113019,49808,1,78,1.4917282364278832,78.04,84,90.15,78,78,78,high
viscose-easier-s1-to-s2,Viscose Easier,Viscose Benchmark S2 Easier,waldots-novice,waldoTS Novice,113019,waldots-novice,waldoTS Novice,113019,49808,1,90,5.436877610022487,90.05,91.2,90.56470588235295,90,90,90,high
viscose-easier-s1-to-s2,Viscose Easier,Viscose Benchmark S2 Easier,waldots-novice,waldoTS Novice,113019,waldots-novice,waldoTS Novice,113019,49808,1,100,12.20085126887247,100.05,100.3,100.04745762711865,100,100,100.00000000000004,high
viscose-easier-s1-to-s2,Viscose Easier,Viscose Benchmark S2 Easier,waldots-novice,waldoTS Novice,113019,waldots-novice,waldoTS Novice,113019,49808,1,110,23.49421779633794,110.05,110.39,109.69155844155844,110,110,110.00000000000004,high
viscose-easier-s1-to-s2,Viscose Easier,Viscose Benchmark S2 Easier,waldots-novice,waldoTS Novice,113019,waldots-novice,waldoTS Novice,113019,49808,1,120,41.18213941535496,120,120,120.10508130081301,120,120,119.99999999999997,high
viscose-easier-s1-to-s2,Viscose Easier,Viscose Benchmark S2 Easier,waldots-novice,waldoTS Novice,113019,waldots-novice,waldoTS Novice,113019,49808,1,130,60.26140379055573,130.05,130.25,130.03674242424245,130,130,129.99999999999997,high
viscose-easier-s1-to-s2,Viscose Easier,Viscose Benchmark S2 Easier,waldots-novice,waldoTS Novice,113019,waldots-novice,waldoTS Novice,113019,49808,1,140,76.38130420815934,140.05,140.39,140.21880341880342,140,140,139.99999999999994,high
viscose-easier-s1-to-s2,Viscose Easier,Viscose Benchmark S2 Easier,devts-goated-nr-static-5bot,devTS Goated NR Static 5Bot,125002,eth-pasu-micro-easier,eth Pasu Micro Easier,185394,2331,0.7844395530700534,350,0.1007737988123088,398,864,916,444.10302949147126,449.5567428010876,489.4370725944172,high
viscose-easier-s1-to-s2,Viscose Easier,Viscose Benchmark S2 Easier,devts-goated-nr-static-5bot,devTS Goated NR Static 5Bot,125002,eth-pasu-micro-easier,eth Pasu Micro Easier,185394,2331,0.7844395530700534,400,0.2717293503689041,554,864,916,538.8479290015781,543.3451665359185,572.1318252132382,high
viscose-easier-s1-to-s2,Viscose Easier,Viscose Benchmark S2 Easier,devts-goated-nr-static-5bot,devTS Goated NR Static 5Bot,125002,eth-pasu-micro-easier,eth Pasu Micro Easier,185394,2331,0.7844395530700534,450,0.9807450062983624,650,864,916,633.5928285116848,637.1335902707492,656.5975805832453,high
viscose-easier-s1-to-s2,Viscose Easier,Viscose Benchmark S2 Easier,devts-goated-nr-static-5bot,devTS Goated NR Static 5Bot,125002,eth-pasu-micro-easier,eth Pasu Micro Easier,185394,2331,0.7844395530700534,500,3.1437826165197045,764,864,916,728.3377280217917,730.9220140055801,742.6685586640776,high
viscose-easier-s1-to-s2,Viscose Easier,Viscose Benchmark S2 Easier,devts-goated-nr-static-5bot,devTS Goated NR Static 5Bot,125002,eth-pasu-micro-easier,eth Pasu Micro Easier,185394,2331,0.7844395530700534,550,8.189670685621738,856,876,916,823.0826275318987,824.710437740411,830.2097693961077,high
viscose-easier-s1-to-s2,Viscose Easier,Viscose Benchmark S2 Easier,devts-goated-nr-static-5bot,devTS Goated NR Static 5Bot,125002,eth-pasu-micro-easier,eth Pasu Micro Easier,185394,2331,0.7844395530700534,600,18.8914882130646,970,916,940.8947368421053,917.8275270420054,918.4988614752417,919.1089727768856,high
viscose-easier-s1-to-s2,Viscose Easier,Viscose Benchmark S2 Easier,devts-goated-nr-static-5bot,devTS Goated NR Static 5Bot,125002,eth-pasu-micro-easier,eth Pasu Micro Easier,185394,2331,0.7844395530700534,640,31.189490732409574,1056,1008,1005.8518518518518,993.6234466500907,993.5296004631064,991.1418219325511,high
viscose-easier-s1-to-s2,Viscose Easier,Viscose Benchmark S2 Easier,devts-goated-nr-static-5bot,devTS Goated NR Static 5Bot,125002,eth-pasu-micro-easier,eth Pasu Micro Easier,185394,2331,0.7844395530700534,680,46.44592405974446,1150,1056,1068.9411764705883,1069.4193662581763,1068.560339450971,1063.9405321080249,high
viscose-easier-s1-to-s2,Viscose Easier,Viscose Benchmark S2 Easier,waldots-novice,waldoTS Novice,113019,1w2ts-reload-smallflicks-larger,1w2ts reload smallflicks larger,185518,2861,0.8272830873434781,65,0.26903308705428847,68,94,100,68.90918113218477,68.13987510084195,68.36090018056578,high
viscose-easier-s1-to-s2,Viscose Easier,Viscose Benchmark S2 Easier,waldots-novice,waldoTS Novice,113019,1w2ts-reload-smallflicks-larger,1w2ts reload smallflicks larger,185518,2861,0.8272830873434781,78,1.4917282364278832,85,94,100,79.26820212611563,78.59218865556795,79.37399694572555,high
viscose-easier-s1-to-s2,Viscose Easier,Viscose Benchmark S2 Easier,waldots-novice,waldoTS Novice,113019,1w2ts-reload-smallflicks-larger,1w2ts reload smallflicks larger,185518,2861,0.8272830873434781,90,5.436877610022487,94,96,100,88.83037535128257,88.24047809069967,89.24705562416219,high
viscose-easier-s1-to-s2,Viscose Easier,Viscose Benchmark S2 Easier,waldots-novice,waldoTS Novice,113019,1w2ts-reload-smallflicks-larger,1w2ts reload smallflicks larger,185518,2861,0.8272830873434781,100,12.20085126887247,103,100,100,96.79885303892169,96.28071928664276,97.2929649786463,high
viscose-easier-s1-to-s2,Viscose Easier,Viscose Benchmark S2 Easier,waldots-novice,waldoTS Novice,113019,1w2ts-reload-smallflicks-larger,1w2ts reload smallflicks larger,185518,2861,0.8272830873434781,110,23.49421779633794,112,102.5,103.85840707964601,104.76733072656081,104.32096048258585,105.19450270409779,high
viscose-easier-s1-to-s2,Viscose Easier,Viscose Benchmark S2 Easier,waldots-novice,waldoTS Novice,113019,1w2ts-reload-smallflicks-larger,1w2ts reload smallflicks larger,185518,2861,0.8272830873434781,120,41.18213941535496,122,112,111.84,112.73580841419994,112.36120167852893,112.96708329845958,high
viscose-easier-s1-to-s2,Viscose Easier,Viscose Benchmark S2 Easier,waldots-novice,waldoTS Novice,113019,1w2ts-reload-smallflicks-larger,1w2ts reload smallflicks larger,185518,2861,0.8272830873434781,130,60.26140379055573,131,120,119.07246376811594,120.70428610183906,120.40144287447202,120.6233307474905,high
viscose-easier-s1-to-s2,Viscose Easier,Viscose Benchmark S2 Easier,waldots-novice,waldoTS Novice,113019,1w2ts-reload-smallflicks-larger,1w2ts reload smallflicks larger,185518,2861,0.8272830873434781,140,76.38130420815934,137,130.5,129.7213114754099,128.67276378947818,128.4416840704151,128.17375947443168,high
viscose-easier-s1-to-s2,Viscose Easier,Viscose Benchmark S2 Easier,domiswitch-easy-slower,domiSwitch Easy Slower,128818,domiswitch-easier,domiSwitch Easier,185428,2165,0.8565065823667349,3200,2.4102552689560013,4918.4,5474.4,5760,4543.791707824687,4513.523219821556,4438.165142952237,high
viscose-easier-s1-to-s2,Viscose Easier,Viscose Benchmark S2 Easier,domiswitch-easy-slower,domiSwitch Easy Slower,128818,domiswitch-easier,domiSwitch Easier,185428,2165,0.8565065823667349,3700,5.207753766719338,5339.2,5492,5760,4993.542205472479,4969.0973432411265,4941.123783022239,high
viscose-easier-s1-to-s2,Viscose Easier,Viscose Benchmark S2 Easier,domiswitch-easy-slower,domiSwitch Easy Slower,128818,domiswitch-easier,domiSwitch Easier,185428,2165,0.8565065823667349,4200,10.711503794538535,5732.8,5616.8,5760,5443.292703120271,5424.671466660697,5426.6209704724415,high
viscose-easier-s1-to-s2,Viscose Easier,Viscose Benchmark S2 Easier,domiswitch-easy-slower,domiSwitch Easy Slower,128818,domiswitch-easier,domiSwitch Easier,185428,2165,0.8565065823667349,4600,18.15814657378764,6084,5894.4,5817.268824531517,5803.093101238504,5789.130765396352,5804.21166069098,high
viscose-easier-s1-to-s2,Viscose Easier,Viscose Benchmark S2 Easier,domiswitch-easy-slower,domiSwitch Easy Slower,128818,domiswitch-easier,domiSwitch Easier,185428,2165,0.8565065823667349,5000,28.940867513853963,6502.4,6148,6146.4,6162.893499356737,6153.590064132008,6173.33100901014,high
viscose-easier-s1-to-s2,Viscose Easier,Viscose Benchmark S2 Easier,domiswitch-easy-slower,domiSwitch Easy Slower,128818,domiswitch-easier,domiSwitch Easier,185428,2165,0.8565065823667349,5400,43.026283577771345,6931.2,6354.4,6394.388692579506,6522.69389747497,6518.049362867663,6534.8263408129005,high
viscose-easier-s1-to-s2,Viscose Easier,Viscose Benchmark S2 Easier,domiswitch-easy-slower,domiSwitch Easy Slower,128818,domiswitch-easier,domiSwitch Easier,185428,2165,0.8565065823667349,5800,59.148064896623865,7398.4,6585.6,6739.60404040404,6882.494295593204,6882.5086616033195,6889.404059723063,high
viscose-easier-s1-to-s2,Viscose Easier,Viscose Benchmark S2 Easier,domiswitch-easy-slower,domiSwitch Easy Slower,128818,domiswitch-easier,domiSwitch Easier,185428,2165,0.8565065823667349,6300,75.18972692675761,7902.4,7544,7535.8117647058825,7332.244793240995,7338.082785022889,7323.799294119877,high
viscose-easier-s1-to-s2,Viscose Easier,Viscose Benchmark S2 Easier,tamtargetswitch-smooth-easy,tamTargetSwitch Smooth Easy,42505,kints-voltaic-easy-85,kinTS Voltaic Easy 85%,185408,2259,0.7950879653892764,7,3.4439574201628056,48.04,53.05,56.05,44.572775590474976,44.62302019293117,41.42006457961297,high
viscose-easier-s1-to-s2,Viscose Easier,Viscose Benchmark S2 Easier,tamtargetswitch-smooth-easy,tamTargetSwitch Smooth Easy,42505,kints-voltaic-easy-85,kinTS Voltaic Easy 85%,185408,2259,0.7950879653892764,11,8.045442347258252,53.05,53.05,56.05,48.9114392695286,48.96202998604488,48.64841843637751,high
viscose-easier-s1-to-s2,Viscose Easier,Viscose Benchmark S2 Easier,tamtargetswitch-smooth-easy,tamTargetSwitch Smooth Easy,42505,kints-voltaic-easy-85,kinTS Voltaic Easy 85%,185408,2259,0.7950879653892764,15,15.167725199033901,56.55,56.55,56.05,53.25010294858221,53.301039779158586,54.3257432780116,high
viscose-easier-s1-to-s2,Viscose Easier,Viscose Benchmark S2 Easier,tamtargetswitch-smooth-easy,tamTargetSwitch Smooth Easy,42505,kints-voltaic-easy-85,kinTS Voltaic Easy 85%,185408,2259,0.7950879653892764,18,22.98774487879059,60.06,60.06,57.55,56.504100707872425,56.55529712399387,57.96755026511849,high
viscose-easier-s1-to-s2,Viscose Easier,Viscose Benchmark S2 Easier,tamtargetswitch-smooth-easy,tamTargetSwitch Smooth Easy,42505,kints-voltaic-easy-85,kinTS Voltaic Easy 85%,185408,2259,0.7950879653892764,21,33.37507827175955,63.06,62.06,60.555,59.75809846716264,59.80955446882915,61.23647467397099,high
viscose-easier-s1-to-s2,Viscose Easier,Viscose Benchmark S2 Easier,tamtargetswitch-smooth-easy,tamTargetSwitch Smooth Easy,42505,kints-voltaic-easy-85,kinTS Voltaic Easy 85%,185408,2259,0.7950879653892764,24,46.38160837284194,66.76,63.96,63.96,63.012096226452854,63.06381181366443,64.21678174048769,high
viscose-easier-s1-to-s2,Viscose Easier,Viscose Benchmark S2 Easier,tamtargetswitch-smooth-easy,tamTargetSwitch Smooth Easy,42505,kints-voltaic-easy-85,kinTS Voltaic Easy 85%,185408,2259,0.7950879653892764,26,55.99069684229359,69.36,64.06,65.06,65.18142806597967,65.23331671022129,66.07235466248638,high
viscose-easier-s1-to-s2,Viscose Easier,Viscose Benchmark S2 Easier,tamtargetswitch-smooth-easy,tamTargetSwitch Smooth Easy,42505,kints-voltaic-easy-85,kinTS Voltaic Easy 85%,185408,2259,0.7950879653892764,28,66.37266302889347,72.97,69.06,69.06,67.35075990550648,67.40282160677813,67.83811478508508,high
viscose-easier-s1-to-s2,Viscose Easier,Viscose Benchmark S2 Easier,domiswitch-easy-slower,domiSwitch Easy Slower,128818,b180t-voltaic-easy-slower,B180T Voltaic Easy Slower,185571,2110,0.7890091881326057,3200,2.4102552689560013,36.8,43.3,47,32.49956870605681,31.791517126678478,32.886349842304405,high
viscose-easier-s1-to-s2,Viscose Easier,Viscose Benchmark S2 Easier,domiswitch-easy-slower,domiSwitch Easy Slower,128818,b180t-voltaic-easy-slower,B180T Voltaic Easy Slower,185571,2110,0.7890091881326057,3700,5.207753766719338,41,44,47,38.01187548544238,37.478139139503874,38.20760317960735,high
viscose-easier-s1-to-s2,Viscose Easier,Viscose Benchmark S2 Easier,domiswitch-easy-slower,domiSwitch Easy Slower,128818,b180t-voltaic-easy-slower,B180T Voltaic Easy Slower,185571,2110,0.7890091881326057,4200,10.711503794538535,46.2,45.1,47,43.52418226482795,43.16476115232928,43.55273046360082,high
viscose-easier-s1-to-s2,Viscose Easier,Viscose Benchmark S2 Easier,domiswitch-easy-slower,domiSwitch Easy Slower,128818,b180t-voltaic-easy-slower,B180T Voltaic Easy Slower,185571,2110,0.7890091881326057,4600,18.15814657378764,50.6,47.8,47.720588235294116,47.9340276883364,47.714058762589595,47.84414042073044,high
viscose-easier-s1-to-s2,Viscose Easier,Viscose Benchmark S2 Easier,domiswitch-easy-slower,domiSwitch Easy Slower,128818,b180t-voltaic-easy-slower,B180T Voltaic Easy Slower,185571,2110,0.7890091881326057,5000,28.940867513853963,55,51.7,51.93476821192053,52.34387311184486,52.26335637284991,52.147907813980375,high
viscose-easier-s1-to-s2,Viscose Easier,Viscose Benchmark S2 Easier,domiswitch-easy-slower,domiSwitch Easy Slower,128818,b180t-voltaic-easy-slower,B180T Voltaic Easy Slower,185571,2110,0.7890091881326057,5400,43.026283577771345,61.2,55.7,55.04,56.75371853535331,56.81265398311023,56.46307329144812,high
viscose-easier-s1-to-s2,Viscose Easier,Viscose Benchmark S2 Easier,domiswitch-easy-slower,domiSwitch Easy Slower,128818,b180t-voltaic-easy-slower,B180T Voltaic Easy Slower,185571,2110,0.7890091881326057,5800,59.148064896623865,67.8,57.3,59.17878787878787,61.163563958861765,61.36195159337055,60.78881787300355,high
viscose-easier-s1-to-s2,Viscose Easier,Viscose Benchmark S2 Easier,domiswitch-easy-slower,domiSwitch Easy Slower,128818,b180t-voltaic-easy-slower,B180T Voltaic Easy Slower,185571,2110,0.7890091881326057,6300,75.18972692675761,75,68,68.30263157894736,66.67587073824733,67.04857360619594,66.20980650829746,high
viscose-easier-s1-to-s2,Viscose Easier,Viscose Benchmark S2 Easier,1w3ts-pasu-perfected-micro-goated-larger-80,1w3ts Pasu Perfected Micro Goated Larger 80%,128920,1w3ts-pasu-perfected-micro-goated-larger-80,1w3ts Pasu Perfected Micro Goated Larger 80%,128920,44413,1,600,1.4387679283092787,602,664,728,600,600,600,high
viscose-easier-s1-to-s2,Viscose Easier,Viscose Benchmark S2 Easier,1w3ts-pasu-perfected-micro-goated-larger-80,1w3ts Pasu Perfected Micro Goated Larger 80%,128920,1w3ts-pasu-perfected-micro-goated-larger-80,1w3ts Pasu Perfected Micro Goated Larger 80%,128920,44413,1,700,4.140679530768018,702,716,728,700,700,699.9999999999998,high
viscose-easier-s1-to-s2,Viscose Easier,Viscose Benchmark S2 Easier,1w3ts-pasu-perfected-micro-goated-larger-80,1w3ts Pasu Perfected Micro Goated Larger 80%,128920,1w3ts-pasu-perfected-micro-goated-larger-80,1w3ts Pasu Perfected Micro Goated Larger 80%,128920,44413,1,800,10.289780019363699,802,804,803.9230769230769,800,800,799.9999999999998,high
viscose-easier-s1-to-s2,Viscose Easier,Viscose Benchmark S2 Easier,1w3ts-pasu-perfected-micro-goated-larger-80,1w3ts Pasu Perfected Micro Goated Larger 80%,128920,1w3ts-pasu-perfected-micro-goated-larger-80,1w3ts Pasu Perfected Micro Goated Larger 80%,128920,44413,1,900,20.678630130817556,902,902,903.5294117647059,900,900,900.0000000000001,high
viscose-easier-s1-to-s2,Viscose Easier,Viscose Benchmark S2 Easier,1w3ts-pasu-perfected-micro-goated-larger-80,1w3ts Pasu Perfected Micro Goated Larger 80%,128920,1w3ts-pasu-perfected-micro-goated-larger-80,1w3ts Pasu Perfected Micro Goated Larger 80%,128920,44413,1,1000,35.883637673654114,1002,1002,1001.7142857142857,1000,1000,999.9999999999998,high
viscose-easier-s1-to-s2,Viscose Easier,Viscose Benchmark S2 Easier,1w3ts-pasu-perfected-micro-goated-larger-80,1w3ts Pasu Perfected Micro Goated Larger 80%,128920,1w3ts-pasu-perfected-micro-goated-larger-80,1w3ts Pasu Perfected Micro Goated Larger 80%,128920,44413,1,1100,53.551887960732216,1102,1102,1100,1100,1100,1099.9999999999995,high
viscose-easier-s1-to-s2,Viscose Easier,Viscose Benchmark S2 Easier,1w3ts-pasu-perfected-micro-goated-larger-80,1w3ts Pasu Perfected Micro Goated Larger 80%,128920,1w3ts-pasu-perfected-micro-goated-larger-80,1w3ts Pasu Perfected Micro Goated Larger 80%,128920,44413,1,1200,71.51284533807669,1202,1202,1199.375,1200,1200,1200,high
viscose-easier-s1-to-s2,Viscose Easier,Viscose Benchmark S2 Easier,1w3ts-pasu-perfected-micro-goated-larger-80,1w3ts Pasu Perfected Micro Goated Larger 80%,128920,1w3ts-pasu-perfected-micro-goated-larger-80,1w3ts Pasu Perfected Micro Goated Larger 80%,128920,44413,1,1300,83.31569585481728,1300,1304,1299.2727272727273,1300,1300,1300,high
viscose-easier-s1-to-s2,Viscose Easier,Viscose Benchmark S2 Easier,1wall5targets-pasu-slow,1wall5targets_pasu slow,544,pasu-voltaic-reload-easier,Pasu Voltaic Reload Easier,185636,2203,0.832379606309765,76,9.650284705094242,60,55,62,46.53059106110091,45.56111322097776,47.189024499863834,high
viscose-easier-s1-to-s2,Viscose Easier,Viscose Benchmark S2 Easier,1wall5targets-pasu-slow,1wall5targets_pasu slow,544,pasu-voltaic-reload-easier,Pasu Voltaic Reload Easier,185636,2203,0.832379606309765,88,19.708595962364118,70,58,62,54.5734623113225,53.756889037581814,54.87867586630538,high
viscose-easier-s1-to-s2,Viscose Easier,Viscose Benchmark S2 Easier,1wall5targets-pasu-slow,1wall5targets_pasu slow,544,pasu-voltaic-reload-easier,Pasu Voltaic Reload Easier,185636,2203,0.832379606309765,100,34.80024968789014,79,64,63.90909090909091,62.616333561544096,61.95266485418587,62.59967232450699,high
viscose-easier-s1-to-s2,Viscose Easier,Viscose Benchmark S2 Easier,1wall5targets-pasu-slow,1wall5targets_pasu slow,544,pasu-voltaic-reload-easier,Pasu Voltaic Reload Easier,185636,2203,0.832379606309765,110,50.109619073718825,87,69,70.33333333333333,69.3187262700621,68.78247803468923,69.05510349392932,high
viscose-easier-s1-to-s2,Viscose Easier,Viscose Benchmark S2 Easier,1wall5targets-pasu-slow,1wall5targets_pasu slow,544,pasu-voltaic-reload-easier,Pasu Voltaic Reload Easier,185636,2203,0.832379606309765,120,65.9716512895466,94,79,78,76.02111897858009,75.61229121519261,75.52803548255754,high
viscose-easier-s1-to-s2,Viscose Easier,Viscose Benchmark S2 Easier,1wall5targets-pasu-slow,1wall5targets_pasu slow,544,pasu-voltaic-reload-easier,Pasu Voltaic Reload Easier,185636,2203,0.832379606309765,130,79.20967692822995,99,83,83.5,82.7235116870981,82.44210439569599,82.0170480582909,high
viscose-easier-s1-to-s2,Viscose Easier,Viscose Benchmark S2 Easier,1wall5targets-pasu-slow,1wall5targets_pasu slow,544,pasu-voltaic-reload-easier,Pasu Voltaic Reload Easier,185636,2203,0.832379606309765,140,88.83560183916445,107,89,89,89.42590439561609,89.27191757619937,88.52093718562212,high
viscose-easier-s1-to-s2,Viscose Easier,Viscose Benchmark S2 Easier,1wall5targets-pasu-slow,1wall5targets_pasu slow,544,pasu-voltaic-reload-easier,Pasu Voltaic Reload Easier,185636,2203,0.832379606309765,150,94.37441003623519,114,96,96,96.12829710413409,96.10173075670274,95.03866892939129,high
viscose-easier-s1-to-s2,Viscose Easier,Viscose Benchmark S2 Easier,b180-voltaic-easy-92,B180 Voltaic Easy 92%,12018,vt-bounceshot-viscose-easier,VT Bounceshot Viscose Easier,185392,2040,0.8705714283658035,26,1.4503973223434048,330,480,520,290.04479378533046,287.1945312112397,290.6425890718857,high
viscose-easier-s1-to-s2,Viscose Easier,Viscose Benchmark S2 Easier,b180-voltaic-easy-92,B180 Voltaic Easy 92%,12018,vt-bounceshot-viscose-easier,VT Bounceshot Viscose Easier,185392,2040,0.8705714283658035,38,7.0129101300120675,470,490,520,406.52877813591186,404.18479238308976,410.62619445344933,high
viscose-easier-s1-to-s2,Viscose Easier,Viscose Benchmark S2 Easier,b180-voltaic-easy-92,B180 Voltaic Easy 92%,12018,vt-bounceshot-viscose-easier,VT Bounceshot Viscose Easier,185392,2040,0.8705714283658035,50,20.112024408570324,610,530,531.25,523.0127624864933,521.1750535549398,527.2127215719009,high
viscose-easier-s1-to-s2,Viscose Easier,Viscose Benchmark S2 Easier,b180-voltaic-easy-92,B180 Voltaic Easy 92%,12018,vt-bounceshot-viscose-easier,VT Bounceshot Viscose Easier,185392,2040,0.8705714283658035,58,32.80129328992008,700,625,620,600.6687520535476,599.1685610028399,603.5117088532861,high
viscose-easier-s1-to-s2,Viscose Easier,Viscose Benchmark S2 Easier,b180-voltaic-easy-92,B180 Voltaic Easy 92%,12018,vt-bounceshot-viscose-easier,VT Bounceshot Viscose Easier,185392,2040,0.8705714283658035,65,46.455975773583184,770,665,665,668.6177429247201,667.4128800197524,669.4997668317219,high
viscose-easier-s1-to-s2,Viscose Easier,Viscose Benchmark S2 Easier,b180-voltaic-easy-92,B180 Voltaic Easy 92%,12018,vt-bounceshot-viscose-easier,VT Bounceshot Viscose Easier,185392,2040,0.8705714283658035,72,60.748195541792846,860,760,750,736.5667337958927,735.6571990366649,734.8547624723856,high
viscose-easier-s1-to-s2,Viscose Easier,Viscose Benchmark S2 Easier,b180-voltaic-easy-92,B180 Voltaic Easy 92%,12018,vt-bounceshot-viscose-easier,VT Bounceshot Viscose Easier,185392,2040,0.8705714283658035,78,72.92515767663198,900,805,787.5,794.8087259711833,794.15232962259,790.4205922094734,high
viscose-easier-s1-to-s2,Viscose Easier,Viscose Benchmark S2 Easier,b180-voltaic-easy-92,B180 Voltaic Easy 92%,12018,vt-bounceshot-viscose-easier,VT Bounceshot Viscose Easier,185392,2040,0.8705714283658035,87,86.26790227464195,980,905,905,882.1717142341195,881.8950255014776,873.0645422133925,high
viscose-easier-s1-to-s2,Viscose Easier,Viscose Benchmark S2 Easier,controlsphere-click-easy,Controlsphere Click Easy,89547,catclick-easier,CatClick Easier,184866,1981,0.79800493265875,15,0.9599961695913434,28,44.5,51,27.136577177638994,26.549094063948793,25.50446381283347,high
viscose-easier-s1-to-s2,Viscose Easier,Viscose Benchmark S2 Easier,controlsphere-click-easy,Controlsphere Click Easy,89547,catclick-easier,CatClick Easier,184866,1981,0.79800493265875,21,3.1313590768715134,37,44.5,51,34.22745056668771,33.74816256179163,33.573182100910586,high
viscose-easier-s1-to-s2,Viscose Easier,Viscose Benchmark S2 Easier,controlsphere-click-easy,Controlsphere Click Easy,89547,catclick-easier,CatClick Easier,184866,1981,0.79800493265875,27,7.454932848148236,44,45,51,41.31832395573641,40.94723105963447,41.2245427098912,high
viscose-easier-s1-to-s2,Viscose Easier,Viscose Benchmark S2 Easier,controlsphere-click-easy,Controlsphere Click Easy,89547,catclick-easier,CatClick Easier,184866,1981,0.79800493265875,33,15.623279308611238,53,49.5,51,48.40919734478512,48.14629955747731,48.568131919354386,high
viscose-easier-s1-to-s2,Viscose Easier,Viscose Benchmark S2 Easier,controlsphere-click-easy,Controlsphere Click Easy,89547,catclick-easier,CatClick Easier,184866,1981,0.79800493265875,39,28.06971343755237,60,56,55,55.50007073383383,55.34536805532015,55.669866820980374,high
viscose-easier-s1-to-s2,Viscose Easier,Viscose Benchmark S2 Easier,controlsphere-click-easy,Controlsphere Click Easy,89547,catclick-easier,CatClick Easier,184866,1981,0.79800493265875,45,43.98745541164923,70,63.5,63,62.59094412288254,62.54443655316299,62.57352815307738,high
viscose-easier-s1-to-s2,Viscose Easier,Viscose Benchmark S2 Easier,controlsphere-click-easy,Controlsphere Click Easy,89547,catclick-easier,CatClick Easier,184866,1981,0.79800493265875,50,59.28993799525987,78,70,68,68.50000528042312,68.54366030136535,68.19794503205493,high
viscose-easier-s1-to-s2,Viscose Easier,Viscose Benchmark S2 Easier,controlsphere-click-easy,Controlsphere Click Easy,89547,catclick-easier,CatClick Easier,184866,1981,0.79800493265875,55,73.45766201431616,83,80,80,74.40906643796372,74.54288404956772,73.72014751952405,high
viscose-easier-s1-to-s2,Viscose Easier,Viscose Benchmark S2 Easier,popcorn-mv-novice,Popcorn MV Novice,76965,popcorn-mv-easier,Popcorn MV Easier,185398,1904,0.8176767128285488,50,0.8981195621667135,120,200,240,127.54084466828864,122.36295082871374,93.63444165809648,high
viscose-easier-s1-to-s2,Viscose Easier,Viscose Benchmark S2 Easier,popcorn-mv-novice,Popcorn MV Novice,76965,popcorn-mv-easier,Popcorn MV Easier,185398,1904,0.8176767128285488,100,5.002806623631771,190,200,240,176.81892583665032,172.05505205755037,159.56576708645048,high
viscose-easier-s1-to-s2,Viscose Easier,Viscose Benchmark S2 Easier,popcorn-mv-novice,Popcorn MV Novice,76965,popcorn-mv-easier,Popcorn MV Easier,185398,1904,0.8176767128285488,150,14.281036579661336,260,230,240,226.09700700501202,221.74715328638703,217.9520414345229,high
viscose-easier-s1-to-s2,Viscose Easier,Viscose Benchmark S2 Easier,popcorn-mv-novice,Popcorn MV Novice,76965,popcorn-mv-easier,Popcorn MV Easier,185398,1904,0.8176767128285488,190,25.247918420806435,310,280,270,265.51947193970136,261.50083426945633,261.4040943592479,high
viscose-easier-s1-to-s2,Viscose Easier,Viscose Benchmark S2 Easier,popcorn-mv-novice,Popcorn MV Novice,76965,popcorn-mv-easier,Popcorn MV Easier,185398,1904,0.8176767128285488,230,39.068200954252035,350,305,300,304.9419368743907,301.25451525252566,302.7770051795195,high
viscose-easier-s1-to-s2,Viscose Easier,Viscose Benchmark S2 Easier,popcorn-mv-novice,Popcorn MV Novice,76965,popcorn-mv-easier,Popcorn MV Easier,185398,1904,0.8176767128285488,270,53.629899897090475,400,350,350,344.36440180908005,341.008196235595,342.51192858023643,high
viscose-easier-s1-to-s2,Viscose Easier,Viscose Benchmark S2 Easier,popcorn-mv-novice,Popcorn MV Novice,76965,popcorn-mv-easier,Popcorn MV Easier,185398,1904,0.8176767128285488,300,64.76284030311535,430,380,380,373.9312505100971,370.82345697289696,371.41979023645183,high
viscose-easier-s1-to-s2,Viscose Easier,Viscose Benchmark S2 Easier,popcorn-mv-novice,Popcorn MV Novice,76965,popcorn-mv-easier,Popcorn MV Easier,185398,1904,0.8176767128285488,330,76.09458321639067,460,450,450,403.49809921111404,400.63871771019893,399.6664286990049,high
viscose-easier-s1-to-s2,Viscose Easier,Viscose Benchmark S2 Easier,pasu-angelic-20-larger-80-speed,Pasu Angelic 20% Larger 80% Speed,129352,skyclick-goated-easier,skyClick Goated Easier,185490,1984,0.842448793735163,51,6.807275451204382,81,80.5,86.5,75.12822524159003,74.8017624000071,74.43280756600737,high
viscose-easier-s1-to-s2,Viscose Easier,Viscose Benchmark S2 Easier,pasu-angelic-20-larger-80-speed,Pasu Angelic 20% Larger 80% Speed,129352,skyclick-goated-easier,skyClick Goated Easier,185490,1984,0.842448793735163,58,13.619232659940542,90,84.5,86.5,81.987973722286,81.6564618699732,81.84298851722679,high
viscose-easier-s1-to-s2,Viscose Easier,Viscose Benchmark S2 Easier,pasu-angelic-20-larger-80-speed,Pasu Angelic 20% Larger 80% Speed,129352,skyclick-goated-easier,skyClick Goated Easier,185490,1984,0.842448793735163,65,23.673306959432573,97,90,89.3125,88.84772220298197,88.51116133993929,89.02179975292677,high
viscose-easier-s1-to-s2,Viscose Easier,Viscose Benchmark S2 Easier,pasu-angelic-20-larger-80-speed,Pasu Angelic 20% Larger 80% Speed,129352,skyclick-goated-easier,skyClick Goated Easier,185490,1984,0.842448793735163,72,36.41236920339895,104,99,97.8,95.70747068367793,95.36586080990539,96.0003754441499,high
viscose-easier-s1-to-s2,Viscose Easier,Viscose Benchmark S2 Easier,pasu-angelic-20-larger-80-speed,Pasu Angelic 20% Larger 80% Speed,129352,skyclick-goated-easier,skyClick Goated Easier,185490,1984,0.842448793735163,78,49.26847538565978,111,100.5,101.66666666666667,101.58725509570304,101.24131749844774,101.84123043957233,high
viscose-easier-s1-to-s2,Viscose Easier,Viscose Benchmark S2 Easier,pasu-angelic-20-larger-80-speed,Pasu Angelic 20% Larger 80% Speed,129352,skyclick-goated-easier,skyClick Goated Easier,185490,1984,0.842448793735163,84,62.40314614106135,118,109,107.25,107.46703950772815,107.11677418699011,107.56537172941069,high
viscose-easier-s1-to-s2,Viscose Easier,Viscose Benchmark S2 Easier,pasu-angelic-20-larger-80-speed,Pasu Angelic 20% Larger 80% Speed,129352,skyclick-goated-easier,skyClick Goated Easier,185490,1984,0.842448793735163,90,74.96898335635197,123,115,113.75,113.34682391975326,112.99223087553247,113.18324152402829,high
viscose-easier-s1-to-s2,Viscose Easier,Viscose Benchmark S2 Easier,pasu-angelic-20-larger-80-speed,Pasu Angelic 20% Larger 80% Speed,129352,skyclick-goated-easier,skyClick Goated Easier,185490,1984,0.842448793735163,97,85.70659425548351,129,122,122,120.20657240044923,119.84693034549856,119.61487948987742,high
viscose-easier-s1-to-s2,Viscose Easier,Viscose Benchmark S2 Easier,1w2ts-pasu-perfected-easy,1w2ts Pasu Perfected Easy,57757,psalmts-viscose-click-easier,psalmTS Viscose Click Easier,185609,1905,0.8339817789123114,58,1.260318254411114,35,51,55,32.665333120757424,32.410534874628745,35.19315192051755,high
viscose-easier-s1-to-s2,Viscose Easier,Viscose Benchmark S2 Easier,1w2ts-pasu-perfected-easy,1w2ts Pasu Perfected Easy,57757,psalmts-viscose-click-easier,psalmTS Viscose Click Easier,185609,1905,0.8339817789123114,69,5.8128571703450005,47,52,55,43.128160963831306,42.995315080859,44.17136499443018,high
viscose-easier-s1-to-s2,Viscose Easier,Viscose Benchmark S2 Easier,1w2ts-pasu-perfected-easy,1w2ts Pasu Perfected Easy,57757,psalmts-viscose-click-easier,psalmTS Viscose Click Easier,185609,1905,0.8339817789123114,80,19.53012256835543,59,56.5,55.857142857142854,53.59098880690519,53.58009528708925,53.603734847197835,high
viscose-easier-s1-to-s2,Viscose Easier,Viscose Benchmark S2 Easier,1w2ts-pasu-perfected-easy,1w2ts Pasu Perfected Easy,57757,psalmts-viscose-click-easier,psalmTS Viscose Click Easier,185609,1905,0.8339817789123114,87,34.14019356949068,67,61,60.25,60.24915197977039,60.315864509235766,59.82186092442009,high
viscose-easier-s1-to-s2,Viscose Easier,Viscose Benchmark S2 Easier,1w2ts-pasu-perfected-easy,1w2ts Pasu Perfected Easy,57757,psalmts-viscose-click-easier,psalmTS Viscose Click Easier,185609,1905,0.8339817789123114,93,49.39100652286852,74,66,65,65.95614898508342,66.08938098536136,65.27647116598291,high
viscose-easier-s1-to-s2,Viscose Easier,Viscose Benchmark S2 Easier,1w2ts-pasu-perfected-easy,1w2ts Pasu Perfected Easy,57757,psalmts-viscose-click-easier,psalmTS Viscose Click Easier,185609,1905,0.8339817789123114,99,64.68992322641473,82,76,75,71.66314599039643,71.86289746148695,70.84077055391063,high
viscose-easier-s1-to-s2,Viscose Easier,Viscose Benchmark S2 Easier,1w2ts-pasu-perfected-easy,1w2ts Pasu Perfected Easy,57757,psalmts-viscose-click-easier,psalmTS Viscose Click Easier,185609,1905,0.8339817789123114,105,78.12626272344193,86,77.5,76,77.37014299570946,77.63641393761253,76.51011243305604,high
viscose-easier-s1-to-s2,Viscose Easier,Viscose Benchmark S2 Easier,1w2ts-pasu-perfected-easy,1w2ts Pasu Perfected Easy,57757,psalmts-viscose-click-easier,psalmTS Viscose Click Easier,185609,1905,0.8339817789123114,110,87.03122895460929,91,88,88,82.12597383347031,82.4476776677172,81.3117679296285,high
viscose-easier-s1-to-s2,Viscose Easier,Viscose Benchmark S2 Easier,floating-heads-timing-400-larger,Floating Heads Timing 400% Larger,1607,vt-floating-heads-viscose-easier,VT Floating Heads Viscose Easier,185409,1182,0.7674660015002904,400,0.0056813877736535115,256.34,578.71,684.16,129.07131426798873,111.80620414502995,110.8487938595971,high
viscose-easier-s1-to-s2,Viscose Easier,Viscose Benchmark S2 Easier,floating-heads-timing-400-larger,Floating Heads Timing 400% Larger,1607,vt-floating-heads-viscose-easier,VT Floating Heads Viscose Easier,185409,1182,0.7674660015002904,700,0.013256571471858191,256.34,578.71,684.16,212.75951201314047,197.48063975856968,194.76910920620688,high
viscose-easier-s1-to-s2,Viscose Easier,Viscose Benchmark S2 Easier,floating-heads-timing-400-larger,Floating Heads Timing 400% Larger,1607,vt-floating-heads-viscose-easier,VT Floating Heads Viscose Easier,185409,1182,0.7674660015002904,1000,0.04355730626467692,256.34,578.71,684.16,296.4477097582922,283.1550753721094,278.9575283013965,high
viscose-easier-s1-to-s2,Viscose Easier,Viscose Benchmark S2 Easier,floating-heads-timing-400-larger,Floating Heads Timing 400% Larger,1607,vt-floating-heads-viscose-easier,VT Floating Heads Viscose Easier,185409,1182,0.7674660015002904,1350,0.24051208241799862,319.98,578.71,684.16,394.08394046096925,383.10858358790574,377.40781821490634,high
viscose-easier-s1-to-s2,Viscose Easier,Viscose Benchmark S2 Easier,floating-heads-timing-400-larger,Floating Heads Timing 400% Larger,1607,vt-floating-heads-viscose-easier,VT Floating Heads Viscose Easier,185409,1182,0.7674660015002904,1700,1.4165593515642754,427.7,578.71,684.16,491.7201711636463,483.06209180370206,476.044291909246,high
viscose-easier-s1-to-s2,Viscose Easier,Viscose Benchmark S2 Easier,floating-heads-timing-400-larger,Floating Heads Timing 400% Larger,1607,vt-floating-heads-viscose-easier,VT Floating Heads Viscose Easier,185409,1182,0.7674660015002904,2050,5.594273161124157,549.85,585.79,684.16,589.3564018663234,583.0156000194984,574.8282364158532,high
viscose-easier-s1-to-s2,Viscose Easier,Viscose Benchmark S2 Easier,floating-heads-timing-400-larger,Floating Heads Timing 400% Larger,1607,vt-floating-heads-viscose-easier,VT Floating Heads Viscose Easier,185409,1182,0.7674660015002904,2400,18.341413529278086,696.35,689.065,698.0026666666666,686.9926325690004,682.9691082352948,673.7343656791063,high
viscose-easier-s1-to-s2,Viscose Easier,Viscose Benchmark S2 Easier,floating-heads-timing-400-larger,Floating Heads Timing 400% Larger,1607,vt-floating-heads-viscose-easier,VT Floating Heads Viscose Easier,185409,1182,0.7674660015002904,2750,40.332171805166276,822.87,803.19,851.1221296296296,784.6288632716775,782.9226164510911,772.7448417937533,high
viscose-easier-s1-to-s2,Viscose Easier,Viscose Benchmark S2 Easier,voxtargetswitch-click,voxTargetSwitch Click,653,voxts-click-easier,VoxTS Click Easier,136076,2012,0.8521281147449169,49,4.289540971630342,63,69,75,55.223888243816496,54.46122277013367,55.46819740543349,high
viscose-easier-s1-to-s2,Viscose Easier,Viscose Benchmark S2 Easier,voxtargetswitch-click,voxTargetSwitch Click,653,voxts-click-easier,VoxTS Click Easier,136076,2012,0.8521281147449169,59,12.873493242420553,75,70,75,65.62706484635537,65.05063997580788,65.8954632418798,high
viscose-easier-s1-to-s2,Viscose Easier,Viscose Benchmark S2 Easier,voxtargetswitch-click,voxTargetSwitch Click,653,voxts-click-easier,VoxTS Click Easier,136076,2012,0.8521281147449169,67,26.135395105320836,84,77,76.71428571428571,73.94960612838646,73.52217374034727,74.14412891705267,high
viscose-easier-s1-to-s2,Viscose Easier,Viscose Benchmark S2 Easier,voxtargetswitch-click,voxTargetSwitch Click,653,voxts-click-easier,VoxTS Click Easier,136076,2012,0.8521281147449169,74,41.65956410568611,93,83,82,81.23182975016368,80.93476578431923,81.30297908415115,high
viscose-easier-s1-to-s2,Viscose Easier,Viscose Benchmark S2 Easier,voxtargetswitch-click,voxTargetSwitch Click,653,voxts-click-easier,VoxTS Click Easier,136076,2012,0.8521281147449169,81,59.32424205527822,103,88,89,88.51405337194089,88.34735782829118,88.41285119483088,high
viscose-easier-s1-to-s2,Viscose Easier,Viscose Benchmark S2 Easier,voxtargetswitch-click,voxTargetSwitch Click,653,voxts-click-easier,VoxTS Click Easier,136076,2012,0.8521281147449169,88,74.98599780835261,110,99,96.5,95.79627699371811,95.75994987226312,95.47828226528694,high
viscose-easier-s1-to-s2,Viscose Easier,Viscose Benchmark S2 Easier,voxtargetswitch-click,voxTargetSwitch Click,653,voxts-click-easier,VoxTS Click Easier,136076,2012,0.8521281147449169,94,85.49494703518812,114,106,104,102.03818295524142,102.11360019566766,101.50188297930991,high
viscose-easier-s1-to-s2,Viscose Easier,Viscose Benchmark S2 Easier,voxtargetswitch-click,voxTargetSwitch Click,653,voxts-click-easier,VoxTS Click Easier,136076,2012,0.8521281147449169,100,92.46316814805796,120,114,114,108.28008891676475,108.4672505190722,107.4976680173189,high